,id,classifier_id,ad_id,classification,ease,workday,timestamp,estado
3,3.0,3,4151371.0,Not WFH,easy,full,,1.0
10,10.0,35,5618348.0,WFH,easy,full,,1.0
21,21.0,26,4111264.0,Not WFH,easy,full,2024-07-25 04:04:21.815068,1.0
22,22.0,11,753299.0,Not WFH,easy,full,,1.0
28,28.0,52,4120831.0,WFH,easy,not clear,2024-07-20 18:22:39.200533,1.0
31,31.0,11,5104060.0,Not WFH,easy,full,,1.0
32,32.0,8,3849639.0,Not WFH,easy,full,,1.0
37,37.0,8,3968494.0,Not WFH,easy,full,,1.0
39,39.0,9,5336418.0,WFH,easy,full,,1.0
40,40.0,34,3951890.0,Not WFH,medium,full,,1.0
41,41.0,8,560618.0,Not WFH,easy,full,,1.0
45,45.0,8,2260836.0,Not WFH,medium,part,,1.0
51,51.0,11,4113784.0,WFH,hard,not clear,,1.0
52,52.0,11,3630466.0,Not WFH,medium,full,,1.0
56,56.0,34,3584228.0,WFH,easy,full,,1.0
59,59.0,41,4266170.0,WFH,easy,part,,1.0
72,72.0,41,4105646.0,WFH,medium,not clear,,1.0
76,76.0,11,3475184.0,Not WFH,medium,full,,1.0
80,80.0,8,1293304.0,Not WFH,medium,part,,1.0
89,89.0,48,5335223.0,WFH,medium,not clear,,1.0
105,105.0,41,5447583.0,WFH,easy,full,,1.0
119,119.0,29,3841828.0,Not WFH,easy,full,,1.0
126,126.0,11,3347561.0,Not WFH,easy,part,,1.0
129,129.0,11,5446483.0,Not WFH,easy,full,,1.0
134,134.0,30,1324856.0,Not WFH,medium,full,,1.0
137,137.0,34,5602755.0,WFH,easy,full,,1.0
138,138.0,11,2498768.0,Not WFH,easy,full,,1.0
141,141.0,2,5574549.0,WFH,easy,not clear,2024-07-16 18:49:28.401699,1.0
146,146.0,28,5408819.0,Not WFH,easy,full,,1.0
154,154.0,8,3139962.0,Not WFH,easy,full,,1.0
179,179.0,50,2313809.0,WFH,medium,part,,1.0
191,191.0,8,3948125.0,Not WFH,medium,full,,1.0
211,211.0,11,2540863.0,Not WFH,easy,part,,1.0
212,212.0,24,5194904.0,WFH,easy,not clear,,1.0
226,226.0,33,4397798.0,Not WFH,easy,full,,1.0
235,235.0,27,749694.0,Not WFH,easy,not clear,,1.0
236,236.0,11,858340.0,Not WFH,easy,part,,1.0
246,246.0,34,4576725.0,WFH,medium,part,,1.0
262,262.0,8,2787729.0,Not WFH,easy,full,,1.0
271,271.0,33,4115829.0,WFH,easy,not clear,,1.0
276,276.0,47,1290006.0,Not WFH,hard,full,,1.0
278,278.0,33,3831702.0,Not WFH,easy,part,,1.0
282,282.0,34,4176326.0,WFH,easy,full,,1.0
284,284.0,8,4005870.0,Not WFH,medium,full,,1.0
295,295.0,8,2142346.0,Not WFH,easy,part,,1.0
303,303.0,2,4242139.0,WFH,easy,full,2024-07-23 05:51:35.252829,1.0
310,310.0,8,819467.0,Not WFH,easy,full,,1.0
312,312.0,29,4122590.0,Not WFH,medium,full,,1.0
314,314.0,39,3810407.0,Not WFH,easy,full,,1.0
325,325.0,43,3941695.0,Not WFH,easy,full,,1.0
337,337.0,30,1019429.0,WFH,easy,full,,1.0
347,347.0,44,5420148.0,WFH,easy,full,,1.0
389,389.0,9,5334694.0,Not WFH,medium,full,,1.0
391,391.0,34,299917.0,Not WFH,medium,full,,1.0
393,393.0,46,3330379.0,Not WFH,easy,full,,1.0
411,411.0,52,5363632.0,WFH,hard,full,2024-07-17 01:05:51.332972,1.0
421,421.0,19,4408417.0,Not WFH,easy,full,,1.0
425,425.0,17,4254998.0,WFH,easy,full,,1.0
439,439.0,27,407701.0,Not WFH,easy,part,,1.0
442,442.0,23,5155487.0,WFH,easy,not clear,,1.0
464,464.0,29,5356697.0,WFH,easy,not clear,,1.0
491,491.0,8,3164328.0,Not WFH,easy,not clear,,1.0
501,501.0,13,5008769.0,WFH,easy,full,,1.0
503,503.0,38,5659769.0,Not WFH,hard,not clear,2024-07-18 02:36:46.995636,1.0
526,526.0,8,3308398.0,Not WFH,easy,part,,1.0
538,538.0,34,4016009.0,WFH,easy,full,,1.0
554,554.0,19,2687267.0,WFH,easy,full,,1.0
556,556.0,15,5271700.0,Not WFH,medium,full,2024-07-16 18:51:38.765079,1.0
566,566.0,50,2245392.0,Not WFH,easy,full,,1.0
584,584.0,8,2809158.0,Not WFH,easy,not clear,,1.0
592,592.0,25,5226737.0,WFH,easy,not clear,,1.0
594,594.0,50,5049283.0,WFH,easy,full,,1.0
598,598.0,34,2464327.0,Not WFH,easy,full,,1.0
611,611.0,8,2770450.0,Not WFH,easy,part,,1.0
619,619.0,34,3869122.0,Not WFH,easy,full,,1.0
630,630.0,34,4050546.0,Not WFH,easy,full,,1.0
640,640.0,34,3209619.0,WFH,easy,not clear,,1.0
643,643.0,52,5181307.0,Not WFH,easy,full,2024-07-23 05:07:26.19453,1.0
655,655.0,14,5101023.0,Not WFH,medium,full,,1.0
660,660.0,11,4138955.0,Not WFH,medium,full,,1.0
661,661.0,49,4209187.0,WFH,easy,full,2024-07-16 18:26:12.033629,1.0
662,662.0,8,2696994.0,Not WFH,easy,full,,1.0
671,671.0,36,5288467.0,WFH,easy,full,,1.0
672,672.0,34,1242874.0,Not WFH,easy,part,,1.0
675,675.0,34,4105455.0,WFH,medium,full,,1.0
680,680.0,8,3873207.0,Not WFH,easy,full,,1.0
684,684.0,8,3250533.0,Not WFH,easy,full,,1.0
686,686.0,11,5326513.0,Not WFH,easy,full,,1.0
697,697.0,25,4479533.0,WFH,easy,full,,1.0
701,701.0,36,5315624.0,WFH,easy,not clear,,1.0
714,714.0,2,5658928.0,Not WFH,easy,full,2024-07-15 23:09:06.333343,1.0
761,761.0,39,4438099.0,Not WFH,easy,full,,1.0
774,774.0,8,400356.0,Not WFH,easy,full,,1.0
780,780.0,15,4151220.0,Not WFH,easy,full,2024-07-31 18:22:46.801647,1.0
788,788.0,11,4147405.0,WFH,easy,full,,1.0
789,789.0,11,4278071.0,WFH,medium,full,,1.0
792,792.0,34,3921049.0,Not WFH,medium,full,,1.0
805,805.0,48,5072728.0,WFH,easy,full,,1.0
814,814.0,48,5554306.0,WFH,easy,full,,1.0
833,833.0,8,2328959.0,Not WFH,easy,full,,1.0
836,836.0,25,4148338.0,WFH,easy,full,,1.0
839,839.0,27,4102288.0,WFH,easy,full,,1.0
841,841.0,38,5259019.0,Not WFH,easy,full,2024-07-22 20:27:03.897138,1.0
855,855.0,34,5609726.0,WFH,easy,full,,1.0
860,860.0,15,5220493.0,Not WFH,hard,full,2024-07-15 20:50:57.582005,1.0
861,861.0,31,5193360.0,WFH,easy,full,,1.0
863,863.0,34,4133562.0,Not WFH,medium,not clear,,1.0
873,873.0,11,4249095.0,WFH,easy,not clear,,1.0
885,885.0,11,4129433.0,Not WFH,easy,part,,1.0
886,886.0,44,3651288.0,Not WFH,easy,full,,1.0
890,890.0,34,5122869.0,WFH,easy,full,,1.0
898,898.0,34,4405238.0,Not WFH,easy,full,,1.0
899,899.0,32,416778.0,WFH,easy,part,,1.0
909,909.0,9,1645789.0,Not WFH,easy,part,,1.0
928,928.0,8,4079879.0,WFH,easy,full,,1.0
929,929.0,34,5290990.0,Not WFH,easy,full,,1.0
939,939.0,34,425139.0,Not WFH,easy,full,,1.0
950,950.0,34,3391654.0,Not WFH,easy,full,,1.0
951,951.0,38,4203142.0,WFH,easy,full,2024-07-24 04:55:32.16644,1.0
957,957.0,8,586292.0,Not WFH,easy,part,,1.0
996,996.0,26,5267013.0,WFH,easy,full,2024-07-24 04:45:35.522016,1.0
1004,1004.0,8,4053464.0,Not WFH,easy,full,,1.0
1005,1005.0,15,5220598.0,WFH,easy,not clear,2024-07-20 21:27:30.418816,1.0
1012,1012.0,50,4032781.0,Not WFH,easy,full,,1.0
1020,1020.0,39,2728498.0,Not WFH,easy,part,,1.0
1026,1026.0,2,4147781.0,Not WFH,medium,not clear,2024-07-16 18:35:31.905211,1.0
1028,1028.0,34,1457134.0,Not WFH,easy,full,,1.0
1034,1034.0,34,4005605.0,Not WFH,hard,not clear,,1.0
1053,1053.0,34,1236913.0,Not WFH,easy,full,,1.0
1057,1057.0,29,3873202.0,Not WFH,medium,full,,1.0
1078,1078.0,34,5583767.0,Not WFH,medium,full,,1.0
1087,1087.0,2,4162145.0,Not WFH,easy,part,2024-08-14 15:49:11.757398,1.0
1096,1096.0,11,1517460.0,Not WFH,easy,full,,1.0
1098,1098.0,26,5089245.0,Not WFH,hard,not clear,2024-07-17 16:28:49.948025,1.0
1111,1111.0,11,3420487.0,Not WFH,easy,full,,1.0
1118,1118.0,8,4089589.0,WFH,easy,not clear,,1.0
1127,1127.0,49,4268276.0,WFH,easy,full,2024-07-18 02:30:14.675352,1.0
1131,1131.0,34,4103506.0,WFH,easy,full,,1.0
1133,1133.0,30,5090749.0,WFH,easy,not clear,,1.0
1143,1143.0,11,3586919.0,Not WFH,easy,full,,1.0
1144,1144.0,50,4449887.0,Not WFH,easy,full,,1.0
1145,1145.0,31,5488525.0,Not WFH,easy,full,,1.0
1147,1147.0,34,320097.0,Not WFH,easy,full,,1.0
1157,1157.0,46,5607017.0,Not WFH,hard,full,,1.0
1173,1173.0,19,4046927.0,WFH,easy,full,,1.0
1179,1179.0,8,3846896.0,WFH,easy,not clear,,1.0
1190,1190.0,11,4040962.0,WFH,easy,full,,1.0
1193,1193.0,11,3908428.0,Not WFH,medium,full,,1.0
1197,1197.0,21,5454988.0,WFH,easy,not clear,,1.0
1200,1200.0,11,4496579.0,WFH,easy,full,,1.0
1201,1201.0,8,3777945.0,Not WFH,easy,full,,1.0
1210,1210.0,3,4110440.0,Not WFH,easy,full,,1.0
1213,1213.0,25,3191577.0,Not WFH,easy,part,,1.0
1216,1216.0,8,318658.0,Not WFH,medium,not clear,,1.0
1219,1219.0,7,218845.0,Not WFH,easy,not clear,,1.0
1220,1220.0,34,4077599.0,Not WFH,easy,full,,1.0
1222,1222.0,8,596213.0,Not WFH,easy,full,,1.0
1224,1224.0,15,5423587.0,WFH,easy,not clear,2024-07-15 21:24:05.263678,1.0
1231,1231.0,27,1874906.0,Not WFH,easy,full,,1.0
1237,1237.0,34,5082637.0,WFH,easy,not clear,,1.0
1253,1253.0,14,3253914.0,Not WFH,medium,full,,1.0
1254,1254.0,2,4133333.0,Not WFH,easy,full,2024-07-17 19:59:49.04053,1.0
1261,1261.0,46,394944.0,Not WFH,medium,part,,1.0
1266,1266.0,8,3000456.0,Not WFH,easy,part,,1.0
1277,1277.0,41,377717.0,WFH,easy,part,,1.0
1300,1300.0,27,688957.0,Not WFH,medium,not clear,,1.0
1301,1301.0,11,1939513.0,Not WFH,easy,not clear,,1.0
1318,1318.0,44,4043418.0,Not WFH,easy,full,,1.0
1325,1325.0,46,5594231.0,WFH,easy,full,,1.0
1327,1327.0,35,4032874.0,WFH,medium,not clear,,1.0
1329,1329.0,11,4027013.0,Not WFH,easy,full,,1.0
1340,1340.0,11,3428039.0,Not WFH,easy,full,,1.0
1341,1341.0,43,3853186.0,Not WFH,easy,full,,1.0
1342,1342.0,30,5283104.0,WFH,easy,not clear,,1.0
1362,1362.0,41,278601.0,Not WFH,medium,full,,1.0
1380,1380.0,11,3093424.0,Not WFH,easy,part,,1.0
1383,1383.0,8,4098735.0,WFH,easy,full,,1.0
1404,1404.0,11,5014242.0,WFH,easy,full,,1.0
1406,1406.0,11,2887427.0,Not WFH,easy,not clear,,1.0
1413,1413.0,8,2111637.0,Not WFH,medium,not clear,,1.0
1418,1418.0,33,2478417.0,Not WFH,easy,part,,1.0
1429,1429.0,25,5664377.0,Not WFH,easy,full,,1.0
1431,1431.0,49,4129892.0,WFH,easy,not clear,2024-07-17 03:04:15.980639,1.0
1433,1433.0,34,2922504.0,Not WFH,easy,full,,1.0
1444,1444.0,29,4658664.0,WFH,easy,full,,1.0
1445,1445.0,11,3296164.0,Not WFH,easy,part,,1.0
1447,1447.0,11,4060213.0,WFH,easy,full,,1.0
1462,1462.0,8,3501938.0,Not WFH,easy,full,,1.0
1480,1480.0,11,1048088.0,Not WFH,easy,full,,1.0
1495,1495.0,8,4017434.0,WFH,easy,full,,1.0
1496,1496.0,3,5093466.0,Not WFH,easy,not clear,,1.0
1505,1505.0,27,3880785.0,Not WFH,medium,full,,1.0
1528,1528.0,34,4585777.0,WFH,easy,not clear,,1.0
1539,1539.0,47,4059568.0,WFH,easy,full,,1.0
1549,1549.0,43,5184069.0,WFH,easy,not clear,,1.0
1556,1556.0,22,5603842.0,WFH,easy,full,,1.0
1567,1567.0,22,4482879.0,WFH,easy,not clear,,1.0
1569,1569.0,38,4460740.0,WFH,easy,full,2024-07-25 03:42:09.595438,1.0
1577,1577.0,7,222997.0,WFH,easy,part,,1.0
1586,1586.0,8,2516172.0,Not WFH,easy,not clear,,1.0
1591,1591.0,48,4193056.0,Not WFH,medium,full,,1.0
1597,1597.0,27,1436898.0,Not WFH,easy,part,,1.0
1598,1598.0,52,4112145.0,Not WFH,easy,full,2024-07-25 05:09:07.210494,1.0
1617,1617.0,41,4127703.0,Not WFH,easy,part,,1.0
1621,1621.0,8,3061638.0,Not WFH,easy,full,,1.0
1634,1634.0,31,3451943.0,Not WFH,easy,part,,1.0
1638,1638.0,8,1318082.0,Not WFH,easy,full,,1.0
1639,1639.0,32,5325645.0,Not WFH,easy,full,,1.0
1650,1650.0,50,4026185.0,Not WFH,hard,full,,1.0
1655,1655.0,8,4053045.0,Not WFH,easy,full,,1.0
1659,1659.0,11,1401154.0,Not WFH,medium,part,,1.0
1665,1665.0,21,4135776.0,WFH,easy,not clear,,1.0
1668,1668.0,26,5224329.0,WFH,easy,not clear,2024-07-25 03:45:27.459076,1.0
1669,1669.0,24,4118877.0,WFH,easy,full,,1.0
1684,1684.0,3,4466238.0,WFH,medium,not clear,,1.0
1686,1686.0,8,3835420.0,Not WFH,easy,full,,1.0
1695,1695.0,17,5608610.0,WFH,easy,not clear,,1.0
1703,1703.0,13,3930778.0,Not WFH,easy,full,,1.0
1704,1704.0,8,1820680.0,WFH,easy,part,,1.0
1715,1715.0,45,5185791.0,Not WFH,easy,full,,1.0
1726,1726.0,34,729925.0,WFH,easy,full,,1.0
1728,1728.0,45,4083973.0,WFH,easy,full,,1.0
1735,1735.0,37,5200020.0,WFH,easy,full,,1.0
1746,1746.0,34,5273215.0,WFH,easy,full,,1.0
1749,1749.0,17,2428632.0,Not WFH,medium,full,,1.0
1764,1764.0,37,4235533.0,WFH,easy,full,,1.0
1771,1771.0,8,4068860.0,WFH,easy,full,,1.0
1778,1778.0,26,5413476.0,Not WFH,easy,full,2024-07-25 05:56:35.179091,1.0
1785,1785.0,47,4154966.0,WFH,easy,full,,1.0
1801,1801.0,13,5118239.0,WFH,easy,full,,1.0
1803,1803.0,30,5584426.0,WFH,easy,full,,1.0
1804,1804.0,8,2064993.0,WFH,easy,part,,1.0
1814,1814.0,25,1457245.0,Not WFH,easy,full,,1.0
1819,1819.0,34,3820140.0,Not WFH,easy,full,,1.0
1820,1820.0,27,4382449.0,WFH,easy,full,,1.0
1826,1826.0,22,4115172.0,Not WFH,easy,not clear,,1.0
1840,1840.0,26,4153517.0,WFH,easy,not clear,2024-07-15 23:27:30.060324,1.0
1841,1841.0,36,655026.0,Not WFH,medium,full,,1.0
1857,1857.0,34,1194160.0,Not WFH,easy,part,,1.0
1859,1859.0,3,5119450.0,WFH,easy,full,,1.0
1869,1869.0,8,4082009.0,Not WFH,easy,full,,1.0
1872,1872.0,8,697371.0,Not WFH,easy,full,,1.0
1876,1876.0,34,3943606.0,Not WFH,easy,full,,1.0
1889,1889.0,8,4108235.0,Not WFH,easy,full,,1.0
1893,1893.0,11,3963346.0,WFH,easy,full,,1.0
1896,1896.0,36,1161266.0,Not WFH,easy,full,,1.0
1897,1897.0,11,4137184.0,WFH,easy,not clear,,1.0
1913,1913.0,48,5487767.0,Not WFH,hard,full,,1.0
1914,1914.0,30,544001.0,WFH,easy,part,,1.0
1919,1919.0,29,3496503.0,Not WFH,easy,full,,1.0
1920,1920.0,11,5424605.0,WFH,easy,full,,1.0
1928,1928.0,11,3862116.0,Not WFH,easy,full,,1.0
1929,1929.0,11,4176512.0,WFH,easy,not clear,,1.0
1935,1935.0,36,3708984.0,Not WFH,easy,full,,1.0
1938,1938.0,34,4414039.0,Not WFH,easy,full,,1.0
1963,1963.0,36,4151384.0,Not WFH,medium,not clear,,1.0
1965,1965.0,26,5532888.0,WFH,easy,not clear,2024-07-24 07:06:18.100791,1.0
1969,1969.0,48,5186436.0,Not WFH,easy,full,,1.0
1997,1997.0,11,4203467.0,Not WFH,medium,full,,1.0
2002,2002.0,34,5165948.0,WFH,easy,full,,1.0
2005,2005.0,11,3477167.0,Not WFH,easy,full,,1.0
2013,2013.0,11,4581569.0,WFH,easy,full,,1.0
2015,2015.0,43,3949633.0,Not WFH,easy,full,,1.0
2038,2038.0,8,4060573.0,Not WFH,easy,part,,1.0
2052,2052.0,8,3981011.0,Not WFH,medium,full,,1.0
2062,2062.0,35,5294438.0,WFH,easy,not clear,,1.0
2065,2065.0,8,4091990.0,Not WFH,easy,not clear,,1.0
2071,2071.0,11,5583236.0,WFH,hard,full,,1.0
2073,2073.0,25,4075025.0,WFH,easy,not clear,,1.0
2079,2079.0,23,5499670.0,WFH,easy,not clear,,1.0
2093,2093.0,3,5616238.0,Not WFH,easy,full,,1.0
2097,2097.0,39,4089089.0,WFH,easy,full,,1.0
2114,2114.0,11,514660.0,Not WFH,hard,full,,1.0
2136,2136.0,8,4031817.0,Not WFH,easy,part,,1.0
2138,2138.0,24,4119243.0,Not WFH,easy,not clear,,1.0
2139,2139.0,19,4149325.0,Not WFH,medium,full,,1.0
2142,2142.0,23,4157608.0,Not WFH,easy,full,,1.0
2145,2145.0,31,5578809.0,WFH,easy,not clear,,1.0
2156,2156.0,11,4065240.0,Not WFH,easy,full,,1.0
2166,2166.0,24,4088649.0,Not WFH,easy,full,,1.0
2187,2187.0,11,5165362.0,Not WFH,medium,full,,1.0
2203,2203.0,34,5569677.0,WFH,easy,not clear,,1.0
2204,2204.0,8,887432.0,Not WFH,easy,full,,1.0
2209,2209.0,8,3919287.0,Not WFH,easy,full,,1.0
2211,2211.0,29,1318957.0,Not WFH,easy,full,,1.0
2218,2218.0,34,1208205.0,Not WFH,easy,full,,1.0
2224,2224.0,34,3773234.0,Not WFH,easy,full,,1.0
2242,2242.0,32,409324.0,Not WFH,easy,full,,1.0
2245,2245.0,8,3973798.0,Not WFH,easy,full,,1.0
2247,2247.0,9,2444214.0,Not WFH,easy,full,,1.0
2250,2250.0,34,3462908.0,Not WFH,easy,full,,1.0
2251,2251.0,44,5624583.0,WFH,easy,not clear,,1.0
2273,2273.0,21,5642550.0,WFH,hard,full,,1.0
2278,2278.0,30,4427502.0,Not WFH,easy,not clear,,1.0
2291,2291.0,8,3479671.0,Not WFH,medium,not clear,,1.0
2295,2295.0,34,4069201.0,WFH,easy,not clear,,1.0
2306,2306.0,3,5323837.0,WFH,easy,not clear,,1.0
2307,2307.0,8,4046215.0,WFH,easy,full,,1.0
2312,2312.0,8,4048512.0,WFH,easy,not clear,,1.0
2313,2313.0,27,5096242.0,WFH,easy,full,,1.0
2319,2319.0,30,4057667.0,Not WFH,medium,full,,1.0
2326,2326.0,33,5172813.0,Not WFH,medium,full,,1.0
2328,2328.0,11,5201238.0,WFH,easy,not clear,,1.0
2330,2330.0,8,4047367.0,WFH,easy,full,,1.0
2355,2355.0,11,5618379.0,Not WFH,easy,full,,1.0
2371,2371.0,8,2317457.0,Not WFH,easy,part,,1.0
2375,2375.0,28,790006.0,WFH,easy,part,,1.0
2384,2384.0,19,268577.0,Not WFH,easy,full,,1.0
2385,2385.0,14,3773543.0,WFH,easy,full,,1.0
2404,2404.0,34,4144049.0,WFH,easy,not clear,,1.0
2405,2405.0,20,5263014.0,WFH,easy,full,,1.0
2426,2426.0,7,205762.0,Not WFH,easy,full,,1.0
2427,2427.0,34,3554200.0,Not WFH,easy,full,,1.0
2433,2433.0,28,374555.0,Not WFH,easy,full,,1.0
2437,2437.0,34,1480838.0,Not WFH,easy,full,,1.0
2447,2447.0,21,5412495.0,WFH,easy,not clear,,1.0
2456,2456.0,34,3949295.0,Not WFH,easy,full,,1.0
2460,2460.0,30,5170160.0,WFH,easy,not clear,,1.0
2469,2469.0,8,4076602.0,Not WFH,easy,full,,1.0
2470,2470.0,47,5063283.0,WFH,easy,full,,1.0
2475,2475.0,11,3924746.0,Not WFH,easy,full,,1.0
2476,2476.0,8,4077269.0,Not WFH,easy,part,,1.0
2484,2484.0,34,3038843.0,Not WFH,easy,full,,1.0
2487,2487.0,8,2869919.0,Not WFH,easy,full,,1.0
2489,2489.0,26,5273892.0,WFH,medium,full,2024-07-22 17:23:07.382159,1.0
2490,2490.0,34,3843410.0,Not WFH,medium,full,,1.0
2493,2493.0,34,3028927.0,WFH,easy,not clear,,1.0
2509,2509.0,32,450807.0,Not WFH,easy,part,,1.0
2559,2559.0,11,4200237.0,Not WFH,easy,full,,1.0
2563,2563.0,50,4639887.0,Not WFH,easy,full,,1.0
2571,2571.0,27,3873717.0,Not WFH,easy,full,,1.0
2579,2579.0,3,4125637.0,WFH,easy,not clear,,1.0
2580,2580.0,11,5101084.0,WFH,easy,full,,1.0
2584,2584.0,48,5637479.0,WFH,easy,full,,1.0
2596,2596.0,17,5617770.0,Not WFH,easy,not clear,,1.0
2599,2599.0,48,4133251.0,Not WFH,medium,full,,1.0
2600,2600.0,8,3409275.0,Not WFH,easy,full,,1.0
2610,2610.0,8,1554057.0,Not WFH,easy,full,,1.0
2626,2626.0,26,5302793.0,WFH,easy,not clear,2024-07-16 00:04:34.517128,1.0
2627,2627.0,50,539858.0,WFH,easy,part,,1.0
2634,2634.0,8,3836932.0,Not WFH,hard,part,,1.0
2637,2637.0,19,4080061.0,WFH,easy,not clear,,1.0
2641,2641.0,31,5140367.0,Not WFH,easy,full,,1.0
2644,2644.0,8,3903637.0,Not WFH,easy,full,,1.0
2658,2658.0,34,284461.0,Not WFH,easy,full,,1.0
2659,2659.0,24,5629167.0,WFH,hard,full,,1.0
2684,2684.0,13,5192318.0,WFH,easy,not clear,,1.0
2691,2691.0,8,3707531.0,Not WFH,hard,full,,1.0
2695,2695.0,8,3950550.0,Not WFH,easy,full,,1.0
2696,2696.0,15,5559081.0,WFH,easy,full,2024-08-14 19:19:02.406038,1.0
2703,2703.0,8,3922908.0,Not WFH,easy,full,,1.0
2705,2705.0,8,616151.0,WFH,easy,part,,1.0
2706,2706.0,43,688635.0,Not WFH,easy,full,,1.0
2713,2713.0,8,3193176.0,Not WFH,easy,part,,1.0
2716,2716.0,9,5630743.0,WFH,easy,not clear,,1.0
2731,2731.0,9,4092213.0,WFH,easy,full,,1.0
2733,2733.0,8,3830926.0,Not WFH,easy,full,,1.0
2737,2737.0,23,636979.0,Not WFH,easy,part,,1.0
2739,2739.0,47,2665578.0,Not WFH,medium,part,,1.0
2750,2750.0,8,3916609.0,Not WFH,easy,full,,1.0
2756,2756.0,34,5320485.0,WFH,easy,full,,1.0
2759,2759.0,44,2875033.0,Not WFH,medium,full,,1.0
2761,2761.0,45,4069171.0,WFH,easy,full,,1.0
2771,2771.0,22,4084190.0,WFH,easy,full,,1.0
2772,2772.0,43,4373816.0,Not WFH,easy,full,,1.0
2775,2775.0,41,560615.0,Not WFH,medium,part,,1.0
2789,2789.0,39,4150489.0,WFH,easy,not clear,,1.0
2790,2790.0,11,4105291.0,WFH,easy,full,,1.0
2809,2809.0,7,221377.0,Not WFH,medium,not clear,,1.0
2811,2811.0,26,4141800.0,Not WFH,easy,full,2024-08-14 18:33:31.868977,1.0
2815,2815.0,41,240152.0,Not WFH,hard,part,,1.0
2823,2823.0,48,4131663.0,Not WFH,easy,full,,1.0
2849,2849.0,44,4101554.0,Not WFH,medium,full,,1.0
2856,2856.0,34,4110235.0,WFH,easy,full,,1.0
2861,2861.0,8,2682825.0,Not WFH,medium,full,,1.0
2872,2872.0,34,3953543.0,Not WFH,easy,full,,1.0
2877,2877.0,23,4645665.0,WFH,easy,full,,1.0
2886,2886.0,11,297354.0,Not WFH,easy,full,,1.0
2888,2888.0,8,3858414.0,Not WFH,easy,full,,1.0
2896,2896.0,24,2372874.0,Not WFH,medium,not clear,,1.0
2907,2907.0,34,4088635.0,WFH,easy,full,,1.0
2916,2916.0,11,5377995.0,Not WFH,easy,full,,1.0
2922,2922.0,44,5646855.0,WFH,medium,not clear,,1.0
2923,2923.0,34,5277922.0,WFH,easy,full,,1.0
2928,2928.0,34,651570.0,Not WFH,medium,not clear,,1.0
2933,2933.0,8,3864055.0,Not WFH,easy,full,,1.0
2934,2934.0,31,494126.0,Not WFH,easy,part,,1.0
2954,,44,3884047.0,Not WFH,easy,full,,1.0
2960,,28,4135275.0,WFH,easy,full,,1.0
2963,,27,5604851.0,Not WFH,easy,full,,1.0
2969,,52,5474576.0,WFH,easy,full,2024-07-24 03:52:14.524738,1.0
2971,,14,3561458.0,Not WFH,easy,part,,1.0
2974,,44,4230059.0,WFH,easy,not clear,,1.0
2981,,34,5288162.0,Not WFH,easy,full,,1.0
3002,,8,454401.0,Not WFH,medium,part,,1.0
3004,,21,5645714.0,WFH,easy,full,,1.0
3008,,36,1068824.0,WFH,medium,full,,1.0
3012,,49,5399140.0,WFH,easy,full,2024-07-22 18:59:17.025479,1.0
3019,,8,501194.0,WFH,hard,full,,1.0
3044,,33,2844992.0,Not WFH,easy,full,,1.0
3060,,27,1082286.0,Not WFH,medium,full,,1.0
3062,,34,4207774.0,WFH,easy,part,,1.0
3067,,11,3845391.0,Not WFH,easy,full,,1.0
3073,,24,3937411.0,Not WFH,easy,full,,1.0
3074,,43,3869691.0,Not WFH,easy,full,,1.0
3075,,34,3390192.0,Not WFH,easy,full,,1.0
3076,,26,5315517.0,Not WFH,medium,full,2024-07-21 03:57:49.640283,1.0
3077,,13,347291.0,Not WFH,easy,full,,1.0
3096,,8,4106615.0,WFH,easy,full,,1.0
3099,,36,947739.0,Not WFH,easy,full,,1.0
3102,,8,3866726.0,Not WFH,easy,full,,1.0
3108,,34,5038059.0,WFH,medium,not clear,,1.0
3110,,34,5165042.0,Not WFH,easy,not clear,,1.0
3114,,8,911278.0,Not WFH,easy,full,,1.0
3123,,41,486557.0,Not WFH,easy,full,,1.0
3125,,34,5628292.0,WFH,easy,full,,1.0
3126,,13,3966464.0,Not WFH,easy,full,,1.0
3128,,8,3763662.0,Not WFH,easy,full,,1.0
3132,,8,3878657.0,Not WFH,easy,full,,1.0
3145,,8,3946029.0,Not WFH,medium,full,,1.0
3153,,34,2283548.0,Not WFH,easy,not clear,,1.0
3157,,34,4077156.0,Not WFH,easy,full,,1.0
3161,,11,3434806.0,Not WFH,easy,full,,1.0
3162,,26,5036490.0,WFH,easy,full,2024-07-23 06:27:48.167119,1.0
3164,,9,4530439.0,WFH,medium,not clear,,1.0
3167,,34,334974.0,Not WFH,easy,full,,1.0
3170,,43,5647187.0,Not WFH,easy,full,,1.0
3189,,8,4047976.0,WFH,easy,full,,1.0
3192,,20,3474741.0,WFH,medium,part,,1.0
3196,,8,3489390.0,Not WFH,medium,full,,1.0
3207,,28,3980520.0,Not WFH,medium,full,,1.0
3217,,28,4507676.0,Not WFH,easy,full,,1.0
3222,,32,5114930.0,WFH,easy,full,,1.0
3254,,23,419006.0,WFH,medium,part,,1.0
3266,,34,4328136.0,WFH,easy,full,,1.0
3271,,29,4572752.0,WFH,medium,not clear,,1.0
3275,,8,1895445.0,Not WFH,easy,part,,1.0
3278,,8,4072347.0,WFH,easy,full,,1.0
3292,,32,4095979.0,WFH,easy,full,,1.0
3294,,22,3115184.0,Not WFH,easy,full,,1.0
3297,,38,4136855.0,Not WFH,easy,full,2024-08-01 02:48:28.51142,1.0
3303,,50,5538354.0,Not WFH,easy,full,,1.0
3323,,34,4094561.0,Not WFH,easy,full,,1.0
3330,,35,850566.0,Not WFH,easy,full,,1.0
3331,,11,1113088.0,WFH,easy,part,,1.0
3338,,35,3839460.0,Not WFH,easy,part,,1.0
3340,,11,4249241.0,WFH,easy,part,,1.0
3343,,11,4059241.0,Not WFH,easy,full,,1.0
3353,,26,4126622.0,Not WFH,easy,not clear,2024-07-16 00:09:30.487911,1.0
3360,,25,1869006.0,Not WFH,medium,part,,1.0
3368,,46,3903532.0,WFH,medium,full,,1.0
3372,,14,5106677.0,WFH,easy,not clear,,1.0
3380,,8,3117251.0,Not WFH,medium,full,,1.0
3388,,50,5479749.0,Not WFH,easy,full,,1.0
3398,,8,2192156.0,Not WFH,medium,not clear,,1.0
3399,,8,3927157.0,WFH,easy,full,,1.0
3401,,11,4154875.0,Not WFH,easy,full,,1.0
3405,,34,470242.0,Not WFH,easy,part,,1.0
3410,,46,3788921.0,WFH,hard,not clear,,1.0
3412,,27,3000366.0,Not WFH,medium,not clear,,1.0
3419,,23,1981104.0,Not WFH,medium,full,,1.0
3422,,33,5650140.0,WFH,medium,full,,1.0
3438,,44,5396011.0,Not WFH,easy,not clear,,1.0
3455,,34,5462429.0,Not WFH,hard,full,,1.0
3460,,8,660184.0,Not WFH,medium,part,,1.0
3466,,11,5290204.0,WFH,easy,not clear,,1.0
3474,,38,5616056.0,WFH,easy,not clear,2024-07-17 02:58:13.88165,1.0
3475,,13,996338.0,Not WFH,medium,full,,1.0
3482,,8,4041683.0,WFH,easy,full,,1.0
3511,,47,4568311.0,Not WFH,easy,full,,1.0
3513,,11,4560190.0,WFH,easy,not clear,,1.0
3516,,11,4119158.0,WFH,hard,full,,1.0
3531,,27,5263129.0,WFH,easy,not clear,,1.0
3538,,8,4041700.0,WFH,easy,not clear,,1.0
3542,,23,3953477.0,Not WFH,easy,full,,1.0
3560,,11,5226731.0,Not WFH,easy,full,,1.0
3563,,17,4171350.0,Not WFH,medium,full,,1.0
3589,,14,4015124.0,Not WFH,medium,full,,1.0
3590,,11,5079243.0,WFH,easy,full,,1.0
3604,,37,3868914.0,Not WFH,easy,full,,1.0
3615,,11,2082303.0,Not WFH,easy,part,,1.0
3621,,11,3607505.0,Not WFH,easy,full,,1.0
3623,,8,2361137.0,Not WFH,medium,part,,1.0
3633,,8,882342.0,WFH,medium,part,,1.0
3645,,22,4070506.0,WFH,easy,not clear,,1.0
3650,,34,1718300.0,Not WFH,easy,full,,1.0
3655,,31,3178673.0,Not WFH,medium,full,,1.0
3658,,11,3114161.0,WFH,hard,part,,1.0
3661,,24,3962226.0,Not WFH,easy,part,,1.0
3667,,11,5455302.0,WFH,easy,full,,1.0
3690,,21,4085742.0,WFH,medium,full,,1.0
3699,,34,4155264.0,Not WFH,easy,full,,1.0
3700,,30,4335523.0,WFH,easy,not clear,,1.0
3705,,11,3194658.0,Not WFH,easy,full,,1.0
3713,,43,5212771.0,Not WFH,easy,full,,1.0
3726,,11,5131718.0,Not WFH,easy,full,,1.0
3732,,8,3162617.0,Not WFH,easy,full,,1.0
3769,,8,458296.0,Not WFH,medium,full,,1.0
3774,,29,3591646.0,Not WFH,easy,full,,1.0
3775,,35,4056456.0,WFH,medium,not clear,,1.0
3778,,44,4006771.0,Not WFH,easy,not clear,,1.0
3814,,34,3932204.0,Not WFH,easy,full,,1.0
3824,,32,3129195.0,Not WFH,easy,full,,1.0
3826,,8,4107541.0,Not WFH,easy,full,,1.0
3832,,22,5083270.0,Not WFH,medium,full,,1.0
3834,,29,3880935.0,Not WFH,easy,full,,1.0
3845,,15,4351655.0,WFH,easy,full,2024-07-17 03:07:58.142047,1.0
3846,,11,5283644.0,WFH,easy,not clear,,1.0
3848,,8,4079137.0,Not WFH,easy,part,,1.0
3884,,8,725552.0,Not WFH,easy,full,,1.0
3886,,13,327399.0,Not WFH,easy,full,,1.0
3900,,8,3209921.0,Not WFH,easy,full,,1.0
3901,,9,3874687.0,Not WFH,easy,full,,1.0
3903,,8,383094.0,Not WFH,easy,full,,1.0
3910,,36,5010796.0,WFH,easy,full,,1.0
3934,,37,2604849.0,WFH,easy,part,,1.0
3941,,11,4121086.0,WFH,easy,not clear,,1.0
3947,,11,2066480.0,Not WFH,easy,full,,1.0
3955,,8,4086483.0,WFH,easy,not clear,,1.0
3959,,8,3914163.0,Not WFH,medium,full,,1.0
3972,,28,4075342.0,Not WFH,easy,full,,1.0
3977,,3,5547786.0,WFH,easy,full,,1.0
3979,,30,4291952.0,WFH,easy,full,,1.0
3984,,29,3313626.0,Not WFH,easy,full,,1.0
3986,,8,1254920.0,Not WFH,easy,part,,1.0
3987,,43,5115274.0,Not WFH,easy,full,,1.0
3993,,27,4051173.0,Not WFH,easy,full,,1.0
3996,,34,4080151.0,WFH,easy,full,,1.0
3998,,7,184656.0,Not WFH,easy,not clear,,1.0
4005,,37,5473189.0,Not WFH,medium,not clear,,1.0
4044,,34,5296155.0,WFH,medium,not clear,,1.0
4048,,32,5218859.0,Not WFH,medium,full,,1.0
4050,,36,3933862.0,Not WFH,easy,full,,1.0
4053,,23,3028636.0,WFH,easy,not clear,,1.0
4057,,28,4210364.0,Not WFH,easy,full,,1.0
4064,,34,4443003.0,WFH,easy,part,,1.0
4078,,11,4049115.0,WFH,easy,full,,1.0
4080,,8,3976065.0,Not WFH,medium,full,,1.0
4084,,34,4078590.0,WFH,easy,not clear,,1.0
4086,,34,5496580.0,WFH,easy,full,,1.0
4092,,43,3407370.0,Not WFH,easy,full,,1.0
4104,,36,630308.0,Not WFH,easy,full,,1.0
4117,,8,4097082.0,Not WFH,easy,full,,1.0
4120,,49,5281890.0,Not WFH,medium,full,2024-07-17 19:18:46.544961,1.0
4126,,46,3838292.0,Not WFH,easy,full,,1.0
4127,,8,4090858.0,WFH,easy,full,,1.0
4135,,35,5653266.0,Not WFH,easy,full,,1.0
4144,,48,5150096.0,WFH,easy,part,,1.0
4149,,34,2996848.0,Not WFH,easy,full,,1.0
4158,,52,5286927.0,Not WFH,medium,full,2024-08-01 04:25:24.682252,1.0
4173,,34,4100124.0,Not WFH,easy,full,,1.0
4180,,32,5607696.0,Not WFH,easy,full,,1.0
4202,,31,5124791.0,Not WFH,easy,full,,1.0
4212,,11,1355288.0,Not WFH,easy,full,,1.0
4222,,36,4107880.0,WFH,medium,not clear,,1.0
4226,,8,3213763.0,Not WFH,medium,part,,1.0
4227,,52,5095244.0,WFH,hard,not clear,2024-07-15 23:46:36.801324,1.0
4230,,13,5280899.0,Not WFH,easy,full,,1.0
4233,,15,5321533.0,Not WFH,easy,full,2024-07-16 20:01:10.195433,1.0
4237,,8,3842180.0,Not WFH,medium,full,,1.0
4253,,8,3078753.0,Not WFH,medium,full,,1.0
4263,,8,3825040.0,WFH,easy,full,,1.0
4280,,8,4102305.0,Not WFH,medium,full,,1.0
4288,,11,5568665.0,WFH,easy,full,,1.0
4302,,8,2267196.0,Not WFH,easy,part,,1.0
4311,,11,5320450.0,Not WFH,easy,full,,1.0
4342,,11,3880251.0,Not WFH,easy,full,,1.0
4360,,47,4120076.0,Not WFH,easy,full,,1.0
4363,,34,4093901.0,Not WFH,medium,full,,1.0
4367,,13,5398267.0,WFH,easy,not clear,,1.0
4372,,8,4027910.0,Not WFH,easy,not clear,,1.0
4376,,8,2547947.0,Not WFH,easy,full,,1.0
4378,,25,526423.0,Not WFH,easy,full,,1.0
4379,,37,1530822.0,Not WFH,easy,part,,1.0
4403,,11,2504570.0,Not WFH,easy,full,,1.0
4410,,8,3868090.0,Not WFH,easy,full,,1.0
4413,,52,5521457.0,Not WFH,medium,not clear,2024-08-14 19:02:28.904793,1.0
4416,,17,410307.0,Not WFH,medium,full,,1.0
4422,,44,4090780.0,Not WFH,easy,full,,1.0
4434,,8,4099614.0,WFH,easy,full,,1.0
4456,,30,4120515.0,WFH,easy,full,,1.0
4463,,11,3319229.0,Not WFH,easy,full,,1.0
4469,,11,4102048.0,Not WFH,medium,not clear,,1.0
4473,,17,4122601.0,Not WFH,easy,full,,1.0
4484,,11,5159639.0,Not WFH,easy,full,,1.0
4492,,34,2730258.0,WFH,easy,full,,1.0
4499,,8,3938635.0,Not WFH,easy,part,,1.0
4514,,43,4075247.0,Not WFH,easy,full,,1.0
4519,,52,5536330.0,WFH,easy,not clear,2024-07-15 23:10:25.80904,1.0
4534,,2,5642806.0,WFH,easy,full,2024-07-25 05:56:20.855099,1.0
4541,,34,4152564.0,WFH,easy,not clear,,1.0
4553,,3,4150217.0,Not WFH,easy,full,,1.0
4554,,8,3940512.0,Not WFH,easy,full,,1.0
4560,,11,1660551.0,Not WFH,easy,part,,1.0
4562,,27,2271837.0,Not WFH,medium,part,,1.0
4566,,8,2598561.0,Not WFH,easy,part,,1.0
4568,,11,4155716.0,WFH,easy,full,,1.0
4596,,15,5604768.0,WFH,easy,not clear,2024-07-22 03:15:44.676166,1.0
4607,,11,3848490.0,Not WFH,easy,full,,1.0
4613,,30,4056026.0,WFH,easy,full,,1.0
4615,,25,826448.0,Not WFH,easy,full,,1.0
4619,,8,3850314.0,Not WFH,easy,full,,1.0
4626,,11,5366587.0,WFH,easy,not clear,,1.0
4631,,39,5347190.0,WFH,medium,not clear,,1.0
4634,,2,5350235.0,WFH,easy,full,2024-07-24 05:00:20.861995,1.0
4665,,38,4152098.0,WFH,medium,not clear,2024-07-17 21:40:28.548058,1.0
4675,,50,5413737.0,Not WFH,easy,full,,1.0
4700,,34,5196206.0,WFH,easy,part,,1.0
4710,,34,4102043.0,Not WFH,easy,part,,1.0
4721,,11,5550015.0,WFH,easy,full,,1.0
4754,,2,5321983.0,WFH,medium,not clear,2024-07-25 05:20:38.446842,1.0
4759,,34,3981603.0,Not WFH,easy,full,,1.0
4767,,8,2977606.0,Not WFH,easy,full,,1.0
4775,,34,4220753.0,WFH,easy,full,,1.0
4776,,11,3855174.0,Not WFH,medium,full,,1.0
4778,,11,3958924.0,Not WFH,medium,full,,1.0
4794,,11,2295608.0,Not WFH,easy,full,,1.0
4815,,35,2647806.0,Not WFH,easy,part,,1.0
4823,,35,4145444.0,WFH,medium,full,,1.0
4833,,34,500103.0,Not WFH,easy,part,,1.0
4844,,11,3453216.0,Not WFH,easy,not clear,,1.0
4858,,32,4100766.0,WFH,medium,part,,1.0
4862,,48,4111931.0,WFH,easy,not clear,,1.0
4875,,34,305768.0,Not WFH,easy,full,,1.0
4879,,52,5341149.0,Not WFH,medium,full,2024-07-15 23:53:33.788029,1.0
4882,,15,5621351.0,WFH,easy,part,2024-08-01 02:24:22.984669,1.0
4890,,13,2237664.0,Not WFH,easy,full,,1.0
4892,,26,4339020.0,WFH,easy,part,2024-08-14 22:35:05.615635,1.0
4893,,19,5338564.0,Not WFH,easy,full,,1.0
4900,,14,2147267.0,Not WFH,medium,full,,1.0
4902,,2,5483865.0,Not WFH,easy,full,2024-08-01 02:59:00.327599,1.0
4923,,20,2184233.0,Not WFH,easy,full,,1.0
4944,,8,3847121.0,Not WFH,easy,full,,1.0
4951,,11,4064061.0,WFH,easy,part,,1.0
4956,,8,1577371.0,Not WFH,easy,full,,1.0
4967,,39,4323019.0,WFH,easy,full,,1.0
4974,,29,4618381.0,Not WFH,easy,full,,1.0
4986,,15,4201728.0,WFH,easy,full,2024-07-17 20:15:14.679429,1.0
4992,,34,4114411.0,Not WFH,easy,not clear,,1.0
4998,,8,3899045.0,Not WFH,easy,full,,1.0
5015,,11,3913069.0,Not WFH,easy,part,,1.0
5019,,11,3626695.0,Not WFH,easy,part,,1.0
5020,,38,5650788.0,Not WFH,easy,full,2024-08-14 17:40:29.099078,1.0
5023,,11,2325150.0,Not WFH,medium,part,,1.0
5035,,11,4431730.0,Not WFH,easy,full,,1.0
5037,,37,1101217.0,Not WFH,easy,full,,1.0
5041,,13,4088144.0,WFH,easy,full,,1.0
5049,,17,1238884.0,Not WFH,easy,not clear,,1.0
5054,,34,1472418.0,Not WFH,easy,part,,1.0
5066,,39,1903676.0,Not WFH,easy,full,,1.0
5068,,11,3961687.0,Not WFH,easy,full,,1.0
5095,,34,5644928.0,WFH,medium,full,,1.0
5132,,34,4107866.0,Not WFH,medium,full,,1.0
5145,,15,4145159.0,WFH,easy,not clear,2024-07-15 23:36:07.323257,1.0
5163,,34,3424188.0,Not WFH,easy,full,,1.0
5164,,8,4082802.0,WFH,easy,full,,1.0
5181,,8,882364.0,WFH,easy,part,,1.0
5188,,8,2352835.0,Not WFH,easy,full,,1.0
5192,,37,4065785.0,Not WFH,easy,full,,1.0
5199,,20,3921896.0,Not WFH,easy,full,,1.0
5202,,20,4377638.0,Not WFH,easy,full,,1.0
5218,,44,3831385.0,Not WFH,easy,not clear,,1.0
5225,,29,4315526.0,WFH,medium,full,,1.0
5233,,8,4071312.0,WFH,easy,part,,1.0
5239,,28,1995844.0,WFH,easy,full,,1.0
5247,,8,2161564.0,WFH,hard,full,,1.0
5254,,13,5596312.0,WFH,medium,full,,1.0
5258,,34,4488655.0,WFH,easy,not clear,,1.0
5265,,20,3541556.0,WFH,easy,full,,1.0
5267,,11,4114016.0,Not WFH,easy,full,,1.0
5273,,43,4100899.0,Not WFH,easy,not clear,,1.0
5278,,8,1939982.0,Not WFH,easy,part,,1.0
5281,,11,460507.0,Not WFH,easy,full,,1.0
5292,,11,5266146.0,Not WFH,medium,full,,1.0
5322,,26,5296112.0,WFH,medium,not clear,2024-07-16 00:13:19.421068,1.0
5336,,52,4580219.0,WFH,easy,not clear,2024-07-17 00:47:48.832663,1.0
5338,,38,4127039.0,Not WFH,easy,full,2024-07-18 02:37:06.338394,1.0
5341,,34,3053403.0,WFH,easy,not clear,,1.0
5346,,34,3184814.0,Not WFH,hard,full,,1.0
5347,,8,3155962.0,Not WFH,easy,full,,1.0
5354,,34,3993724.0,WFH,medium,full,,1.0
5385,,34,4096279.0,WFH,easy,part,,1.0
5388,,8,603231.0,WFH,hard,full,,1.0
5395,,41,4057008.0,Not WFH,medium,full,,1.0
5396,,36,5373861.0,Not WFH,easy,full,,1.0
5400,,39,4098668.0,Not WFH,easy,full,,1.0
5401,,26,4111771.0,Not WFH,easy,full,2024-07-16 00:18:47.498551,1.0
5403,,39,364692.0,Not WFH,easy,full,,1.0
5408,,21,5531797.0,WFH,medium,not clear,,1.0
5414,,48,4224110.0,WFH,easy,not clear,,1.0
5422,,11,4081717.0,WFH,easy,full,,1.0
5425,,50,5261665.0,WFH,easy,full,,1.0
5441,,17,4144674.0,Not WFH,medium,full,,1.0
5442,,8,3894726.0,Not WFH,medium,not clear,,1.0
5443,,45,1111735.0,WFH,easy,part,,1.0
5450,,8,2413690.0,Not WFH,easy,full,,1.0
5453,,25,5463960.0,WFH,easy,part,,1.0
5456,,11,5161695.0,Not WFH,easy,full,,1.0
5468,,29,5411899.0,WFH,easy,not clear,,1.0
5469,,13,3902588.0,Not WFH,easy,full,,1.0
5485,,34,2471828.0,Not WFH,easy,full,,1.0
5497,,11,5597426.0,WFH,easy,part,,1.0
5500,,44,4507315.0,Not WFH,easy,full,,1.0
5504,,15,5545922.0,Not WFH,easy,full,2024-07-16 00:08:56.440189,1.0
5508,,11,4103217.0,WFH,medium,full,,1.0
5510,,15,5480622.0,Not WFH,medium,not clear,2024-07-22 03:18:58.260427,1.0
5530,,19,1951608.0,Not WFH,easy,part,,1.0
5534,,19,340925.0,Not WFH,medium,full,,1.0
5543,,11,481246.0,Not WFH,easy,full,,1.0
5557,,11,5200830.0,WFH,easy,not clear,,1.0
5558,,34,5350168.0,Not WFH,easy,full,,1.0
5565,,15,5402918.0,Not WFH,easy,full,2024-07-17 02:53:10.036052,1.0
5568,,28,3867740.0,Not WFH,easy,full,,1.0
5576,,37,4116740.0,Not WFH,medium,full,,1.0
5579,,11,3969019.0,Not WFH,easy,full,,1.0
5581,,46,4132795.0,WFH,easy,not clear,,1.0
5583,,46,4106663.0,WFH,easy,not clear,,1.0
5590,,34,5172970.0,WFH,easy,not clear,,1.0
5598,,34,5401517.0,Not WFH,easy,full,,1.0
5602,,11,3119195.0,Not WFH,easy,part,,1.0
5630,,20,1636777.0,Not WFH,easy,full,,1.0
5631,,41,4051213.0,Not WFH,easy,full,,1.0
5639,,50,4096679.0,Not WFH,easy,full,,1.0
5656,,15,5005534.0,Not WFH,easy,full,2024-08-07 19:31:22.280223,1.0
5662,,46,4343597.0,Not WFH,easy,full,,1.0
5670,,11,3846020.0,Not WFH,easy,part,,1.0
5683,,34,5103493.0,WFH,easy,not clear,,1.0
5688,,34,5602680.0,WFH,easy,not clear,,1.0
5692,,34,3513672.0,Not WFH,easy,full,,1.0
5696,,34,3991193.0,Not WFH,easy,full,,1.0
5697,,27,3819916.0,Not WFH,easy,full,,1.0
5712,,23,4137632.0,Not WFH,medium,full,,1.0
5723,,36,419254.0,Not WFH,medium,full,,1.0
5724,,33,718237.0,Not WFH,medium,part,,1.0
5736,,11,5594366.0,WFH,easy,part,,1.0
5739,,9,4570769.0,WFH,easy,not clear,,1.0
5743,,9,3977054.0,Not WFH,easy,full,,1.0
5753,,11,5610502.0,Not WFH,easy,part,,1.0
5755,,32,4342126.0,Not WFH,hard,full,,1.0
5777,,34,2976169.0,Not WFH,medium,full,,1.0
5778,,8,3905133.0,Not WFH,easy,full,,1.0
5792,,38,4137434.0,Not WFH,easy,full,2024-08-14 12:54:57.491106,1.0
5801,,8,4080425.0,Not WFH,easy,full,,1.0
5810,,46,5087188.0,Not WFH,easy,full,,1.0
5826,,43,4104783.0,WFH,easy,full,,1.0
5827,,8,3915173.0,Not WFH,easy,full,,1.0
5833,,34,4198792.0,WFH,easy,full,,1.0
5845,,34,384267.0,Not WFH,easy,full,,1.0
5848,,29,4109799.0,Not WFH,easy,full,,1.0
5850,,2,5562327.0,WFH,easy,not clear,2024-07-25 05:41:09.234624,1.0
5853,,23,4078642.0,WFH,easy,full,,1.0
5854,,11,4056033.0,WFH,easy,part,,1.0
5867,,8,4066809.0,Not WFH,hard,full,,1.0
5873,,7,201306.0,Not WFH,easy,full,,1.0
5876,,11,3885835.0,Not WFH,hard,full,,1.0
5877,,21,5144364.0,Not WFH,easy,full,,1.0
5878,,34,4073342.0,WFH,easy,full,,1.0
5882,,19,4127073.0,Not WFH,easy,not clear,,1.0
5892,,28,1564420.0,Not WFH,easy,part,,1.0
5900,,9,4119347.0,WFH,easy,full,,1.0
5905,,30,5008239.0,WFH,easy,not clear,,1.0
5915,,11,3361066.0,Not WFH,easy,part,,1.0
5917,,34,4075491.0,WFH,easy,not clear,,1.0
5929,,29,5133839.0,Not WFH,medium,full,,1.0
5949,,25,3896367.0,Not WFH,easy,full,,1.0
5956,,48,5405450.0,WFH,easy,full,,1.0
5964,,8,3138822.0,Not WFH,easy,full,,1.0
5970,,19,1835257.0,Not WFH,easy,part,,1.0
5984,,27,4065153.0,WFH,easy,full,,1.0
5987,,11,3945043.0,Not WFH,easy,full,,1.0
5993,,44,3890223.0,Not WFH,medium,full,,1.0
6000,,34,3613655.0,Not WFH,medium,full,,1.0
6020,,34,2936302.0,Not WFH,easy,full,,1.0
6032,,34,2378784.0,Not WFH,easy,full,,1.0
6033,,8,3852751.0,Not WFH,easy,full,,1.0
6047,,8,1811568.0,WFH,easy,part,,1.0
6056,,19,4374100.0,Not WFH,easy,full,,1.0
6072,,9,477763.0,Not WFH,easy,part,,1.0
6085,,34,5650556.0,Not WFH,hard,full,,1.0
6091,,20,5221822.0,Not WFH,easy,full,,1.0
6099,,8,3211335.0,Not WFH,easy,full,,1.0
6101,,11,5404862.0,WFH,easy,not clear,,1.0
6103,,34,4135224.0,WFH,hard,not clear,,1.0
6104,,11,2970648.0,WFH,easy,part,,1.0
6105,,11,803097.0,WFH,easy,full,,1.0
6111,,22,3858988.0,Not WFH,easy,full,,1.0
6119,,28,1954028.0,Not WFH,medium,part,,1.0
6122,,8,581471.0,Not WFH,medium,full,,1.0
6126,,20,4028329.0,Not WFH,easy,full,,1.0
6134,,48,4320968.0,WFH,easy,not clear,,1.0
6137,,11,3731932.0,Not WFH,easy,full,,1.0
6142,,28,4131439.0,Not WFH,easy,full,,1.0
6147,,34,4153995.0,Not WFH,easy,full,,1.0
6151,,44,5521321.0,Not WFH,medium,full,,1.0
6152,,8,362051.0,Not WFH,easy,full,,1.0
6155,,39,5573114.0,WFH,easy,not clear,,1.0
6156,,47,629428.0,Not WFH,easy,part,,1.0
6160,,8,3499524.0,Not WFH,easy,full,,1.0
6165,,31,1890395.0,Not WFH,easy,full,,1.0
6166,,8,4067463.0,WFH,easy,full,,1.0
6170,,46,5227372.0,Not WFH,easy,part,,1.0
6171,,22,5291173.0,Not WFH,easy,full,,1.0
6173,,8,3872258.0,Not WFH,easy,full,,1.0
6175,,11,4138034.0,WFH,easy,not clear,,1.0
6177,,8,2025093.0,Not WFH,easy,not clear,,1.0
6179,,17,877438.0,Not WFH,easy,full,,1.0
6184,,8,3863421.0,WFH,easy,not clear,,1.0
6202,,41,3140493.0,Not WFH,medium,part,,1.0
6213,,36,4104471.0,WFH,easy,full,,1.0
6218,,34,3116694.0,WFH,easy,not clear,,1.0
6228,,8,2243087.0,Not WFH,easy,full,,1.0
6240,,3,5330124.0,Not WFH,medium,full,,1.0
6241,,43,4091330.0,Not WFH,easy,full,,1.0
6244,,22,3910114.0,Not WFH,easy,full,,1.0
6245,,52,5054201.0,Not WFH,medium,not clear,2024-08-14 22:02:33.110992,1.0
6249,,8,2889067.0,Not WFH,easy,not clear,,1.0
6283,,8,626066.0,Not WFH,easy,full,,1.0
6285,,8,4080459.0,WFH,easy,not clear,,1.0
6315,,27,4126658.0,Not WFH,easy,full,,1.0
6316,,34,3545255.0,Not WFH,easy,full,,1.0
6323,,26,4133253.0,WFH,easy,not clear,2024-08-14 22:12:01.983588,1.0
6325,,8,4072955.0,Not WFH,easy,full,,1.0
6329,,48,4109397.0,WFH,medium,full,,1.0
6335,,38,4166379.0,Not WFH,easy,full,2024-07-23 06:13:46.791046,1.0
6336,,34,5609361.0,Not WFH,medium,full,,1.0
6352,,11,1853578.0,Not WFH,easy,full,,1.0
6353,,34,3954301.0,Not WFH,medium,not clear,,1.0
6355,,17,5210479.0,WFH,medium,not clear,,1.0
6360,,34,2910355.0,Not WFH,easy,full,,1.0
6361,,13,5433225.0,Not WFH,easy,full,,1.0
6374,,30,5473989.0,WFH,easy,full,,1.0
6375,,15,5462833.0,WFH,easy,not clear,2024-08-14 16:49:55.047607,1.0
6393,,39,4022192.0,Not WFH,medium,full,,1.0
6413,,17,4053661.0,Not WFH,medium,part,,1.0
6414,,8,3870701.0,Not WFH,medium,full,,1.0
6422,,11,1770558.0,WFH,easy,part,,1.0
6429,,20,5228060.0,WFH,easy,not clear,,1.0
6435,,14,2109247.0,Not WFH,easy,full,,1.0
6445,,45,3849479.0,Not WFH,easy,full,,1.0
6447,,48,5233073.0,Not WFH,easy,full,,1.0
6455,,43,3580050.0,WFH,easy,part,,1.0
6464,,32,5133894.0,WFH,easy,not clear,,1.0
6494,,34,5551953.0,WFH,easy,not clear,,1.0
6501,,24,424285.0,Not WFH,medium,part,,1.0
6518,,11,3933487.0,Not WFH,easy,full,,1.0
6521,,36,5430550.0,WFH,easy,not clear,,1.0
6523,,11,4155122.0,WFH,easy,full,,1.0
6524,,11,4075061.0,Not WFH,easy,full,,1.0
6526,,34,4123358.0,Not WFH,easy,full,,1.0
6531,,20,4090149.0,Not WFH,easy,part,,1.0
6540,,22,4283307.0,WFH,easy,not clear,,1.0
6547,,21,4539982.0,WFH,medium,full,,1.0
6551,,8,4051023.0,Not WFH,easy,part,,1.0
6563,,37,4185439.0,WFH,easy,not clear,,1.0
6574,,13,4197384.0,Not WFH,easy,full,,1.0
6580,,8,1273495.0,WFH,easy,full,,1.0
6590,,52,5596368.0,WFH,easy,full,2024-08-14 22:24:10.743959,1.0
6607,,43,4097944.0,Not WFH,medium,full,,1.0
6609,,11,2583604.0,Not WFH,easy,full,,1.0
6619,,20,4083629.0,Not WFH,easy,full,,1.0
6648,,34,5666758.0,Not WFH,easy,full,,1.0
6650,,11,3885036.0,Not WFH,easy,full,,1.0
6652,,34,4060501.0,Not WFH,medium,not clear,,1.0
6665,,25,4126049.0,WFH,easy,not clear,,1.0
6676,,34,1121603.0,Not WFH,medium,full,,1.0
6687,,27,3929750.0,Not WFH,easy,full,,1.0
6689,,11,4654899.0,WFH,easy,not clear,,1.0
6690,,30,4078904.0,Not WFH,hard,full,,1.0
6698,,31,3789097.0,WFH,easy,full,,1.0
6717,,36,3971400.0,Not WFH,easy,full,,1.0
6723,,8,3340610.0,Not WFH,medium,not clear,,1.0
6731,,8,2875192.0,Not WFH,easy,part,,1.0
6743,,33,4153669.0,WFH,easy,not clear,,1.0
6745,,34,4118925.0,WFH,easy,not clear,,1.0
6753,,34,1969134.0,Not WFH,easy,full,,1.0
6761,,11,1820678.0,WFH,easy,part,,1.0
6773,,37,4605819.0,WFH,easy,not clear,,1.0
6782,,9,4112940.0,WFH,easy,full,,1.0
6787,,11,4630063.0,WFH,easy,full,,1.0
6790,,50,3967424.0,Not WFH,easy,full,,1.0
6800,,34,5665146.0,Not WFH,easy,full,,1.0
6805,,11,4108169.0,Not WFH,medium,part,,1.0
6823,,8,4065712.0,Not WFH,easy,not clear,,1.0
6833,,8,3896841.0,Not WFH,easy,part,,1.0
6843,,8,3869687.0,Not WFH,easy,not clear,,1.0
6844,,49,5514889.0,WFH,medium,not clear,2024-07-18 23:42:57.574711,1.0
6847,,34,5453231.0,Not WFH,hard,not clear,,1.0
6855,,8,4097594.0,Not WFH,easy,full,,1.0
6876,,8,4087269.0,WFH,easy,not clear,,1.0
6877,,19,2508497.0,Not WFH,easy,full,,1.0
6889,,11,3843808.0,Not WFH,easy,full,,1.0
6904,,34,4154368.0,WFH,easy,full,,1.0
6906,,31,4406839.0,WFH,medium,part,,1.0
6909,,49,5397980.0,Not WFH,easy,not clear,2024-07-18 03:29:58.808225,1.0
6918,,22,900157.0,Not WFH,easy,full,,1.0
6924,,34,5034225.0,Not WFH,easy,full,,1.0
6929,,11,4184103.0,Not WFH,easy,not clear,,1.0
6931,,30,440283.0,Not WFH,easy,full,,1.0
6951,,17,3885106.0,Not WFH,easy,not clear,,1.0
6956,,46,5387872.0,Not WFH,easy,full,,1.0
6980,,11,3724465.0,Not WFH,medium,full,,1.0
6982,,34,4049081.0,WFH,easy,not clear,,1.0
6987,,3,4652185.0,Not WFH,easy,full,,1.0
6992,,34,3851020.0,Not WFH,easy,full,,1.0
6998,,35,4076622.0,Not WFH,easy,full,,1.0
7000,,8,2290281.0,Not WFH,medium,full,,1.0
7019,,30,4122162.0,WFH,easy,not clear,,1.0
7020,,32,3108509.0,Not WFH,easy,part,,1.0
7021,,8,3937615.0,Not WFH,easy,full,,1.0
7030,,8,3462965.0,Not WFH,easy,full,,1.0
7036,,13,5296825.0,Not WFH,easy,full,,1.0
7039,,34,4125375.0,Not WFH,hard,part,,1.0
7040,,8,565539.0,WFH,easy,full,,1.0
7046,,34,5193890.0,Not WFH,easy,full,,1.0
7047,,26,4115704.0,Not WFH,easy,full,2024-07-22 03:19:37.821052,1.0
7053,,32,4143345.0,WFH,easy,not clear,,1.0
7058,,8,2776981.0,Not WFH,easy,full,,1.0
7060,,15,4564078.0,WFH,easy,full,2024-07-15 23:54:37.196723,1.0
7062,,3,4127102.0,Not WFH,easy,full,,1.0
7070,,34,5210460.0,WFH,easy,not clear,,1.0
7081,,20,3767283.0,Not WFH,medium,not clear,,1.0
7095,,11,3810589.0,Not WFH,easy,part,,1.0
7111,,8,1579623.0,Not WFH,medium,full,,1.0
7113,,35,4058481.0,Not WFH,easy,part,,1.0
7118,,22,254089.0,Not WFH,easy,full,,1.0
7119,,32,3265987.0,Not WFH,medium,not clear,,1.0
7126,,25,3005374.0,WFH,easy,part,,1.0
7127,,34,946176.0,Not WFH,easy,full,,1.0
7141,,11,3886311.0,Not WFH,easy,full,,1.0
7155,,8,1723957.0,Not WFH,easy,full,,1.0
7158,,20,3843303.0,Not WFH,easy,full,,1.0
7173,,33,423530.0,Not WFH,easy,full,,1.0
7186,,34,4256742.0,WFH,easy,not clear,,1.0
7191,,11,5584815.0,WFH,easy,full,,1.0
7192,,34,3543970.0,Not WFH,easy,full,,1.0
7205,,8,1482635.0,Not WFH,easy,full,,1.0
7209,,34,5156905.0,WFH,easy,full,,1.0
7215,,2,5140727.0,WFH,easy,full,2024-07-23 05:06:41.097637,1.0
7219,,45,5471956.0,Not WFH,easy,full,,1.0
7278,,34,3915443.0,Not WFH,easy,part,,1.0
7279,,31,785636.0,WFH,easy,not clear,,1.0
7302,,3,5031433.0,WFH,easy,not clear,,1.0
7316,,8,2921753.0,Not WFH,easy,not clear,,1.0
7330,,11,5228298.0,Not WFH,easy,full,,1.0
7337,,8,4052790.0,WFH,medium,full,,1.0
7338,,34,4142118.0,Not WFH,medium,not clear,,1.0
7348,,31,4211188.0,Not WFH,easy,full,,1.0
7352,,28,535768.0,Not WFH,easy,part,,1.0
7353,,8,3870644.0,Not WFH,easy,full,,1.0
7354,,8,3385335.0,Not WFH,hard,part,,1.0
7365,,28,817652.0,Not WFH,easy,not clear,,1.0
7376,,26,5478608.0,WFH,medium,full,2024-07-15 23:11:11.002154,1.0
7391,,38,5660406.0,Not WFH,easy,full,2024-07-24 04:59:03.13251,1.0
7392,,11,3254090.0,Not WFH,easy,not clear,,1.0
7395,,23,3399968.0,WFH,easy,full,,1.0
7397,,11,5588452.0,WFH,easy,full,,1.0
7410,,8,4073936.0,WFH,easy,not clear,,1.0
7414,,11,3987574.0,Not WFH,easy,full,,1.0
7420,,11,5512424.0,WFH,easy,full,,1.0
7421,,34,5023035.0,WFH,easy,full,,1.0
7424,,34,2168684.0,Not WFH,easy,full,,1.0
7428,,38,4152922.0,Not WFH,easy,full,2024-08-01 02:20:15.565804,1.0
7429,,8,584996.0,Not WFH,easy,full,,1.0
7441,,34,1209554.0,Not WFH,easy,full,,1.0
7446,,29,5089733.0,Not WFH,medium,full,,1.0
7453,,34,5129893.0,Not WFH,easy,full,,1.0
7455,,8,3977290.0,Not WFH,easy,full,,1.0
7463,,22,1296387.0,Not WFH,easy,full,,1.0
7467,,13,2965048.0,Not WFH,easy,full,,1.0
7476,,11,3786432.0,Not WFH,easy,full,,1.0
7479,,35,3167387.0,WFH,easy,full,,1.0
7489,,34,5138342.0,WFH,easy,not clear,,1.0
7497,,8,3873612.0,Not WFH,easy,full,,1.0
7498,,43,2430125.0,Not WFH,easy,full,,1.0
7502,,34,4127510.0,WFH,easy,full,,1.0
7511,,11,4120886.0,Not WFH,easy,full,,1.0
7515,,26,5305581.0,Not WFH,easy,full,2024-07-25 05:11:23.580431,1.0
7523,,11,4002350.0,Not WFH,medium,full,,1.0
7524,,20,2115052.0,Not WFH,easy,part,,1.0
7555,,11,3803804.0,Not WFH,medium,not clear,,1.0
7564,,11,3519317.0,Not WFH,medium,part,,1.0
7575,,37,5659090.0,WFH,medium,not clear,,1.0
7579,,49,5591056.0,Not WFH,easy,full,2024-07-18 23:18:05.287671,1.0
7583,,11,5385902.0,WFH,medium,full,,1.0
7584,,11,3957684.0,Not WFH,medium,full,,1.0
7600,,11,4466189.0,WFH,easy,not clear,,1.0
7607,,34,4297995.0,WFH,medium,full,,1.0
7608,,11,5342805.0,Not WFH,hard,full,,1.0
7610,,14,5638031.0,Not WFH,easy,full,,1.0
7630,,8,634718.0,Not WFH,easy,full,,1.0
7642,,22,1997356.0,Not WFH,easy,full,,1.0
7643,,43,4085458.0,Not WFH,easy,full,,1.0
7649,,11,1176952.0,Not WFH,easy,full,,1.0
7654,,11,5341430.0,WFH,easy,not clear,,1.0
7664,,8,2612738.0,Not WFH,easy,full,,1.0
7668,,34,4052452.0,WFH,easy,full,,1.0
7671,,14,5625563.0,Not WFH,medium,full,,1.0
7683,,34,2638461.0,Not WFH,easy,part,,1.0
7684,,11,4149706.0,Not WFH,medium,full,,1.0
7687,,8,3996112.0,WFH,easy,full,,1.0
7696,,11,4114337.0,WFH,easy,full,,1.0
7702,,34,518805.0,WFH,easy,part,,1.0
7703,,8,3789617.0,Not WFH,easy,full,,1.0
7705,,8,728358.0,Not WFH,easy,full,,1.0
7707,,11,4070114.0,WFH,easy,part,,1.0
7709,,27,4145974.0,WFH,easy,full,,1.0
7732,,11,1447948.0,Not WFH,easy,not clear,,1.0
7737,,29,5495411.0,Not WFH,hard,full,,1.0
7748,,49,4531900.0,WFH,easy,not clear,2024-07-24 06:57:09.384813,1.0
7755,,8,3860728.0,Not WFH,medium,full,,1.0
7759,,34,3637243.0,Not WFH,easy,full,,1.0
7796,,11,5448024.0,WFH,easy,full,,1.0
7797,,11,4058476.0,Not WFH,medium,full,,1.0
7798,,8,3007001.0,Not WFH,easy,full,,1.0
7808,,8,4037325.0,WFH,easy,full,,1.0
7824,,8,3494824.0,Not WFH,medium,full,,1.0
7827,,9,5095994.0,Not WFH,easy,full,,1.0
7829,,8,3696073.0,Not WFH,medium,full,,1.0
7837,,11,5251420.0,Not WFH,medium,full,,1.0
7841,,11,4514446.0,Not WFH,medium,not clear,,1.0
7848,,8,1195593.0,Not WFH,easy,full,,1.0
7852,,8,3824691.0,Not WFH,easy,full,,1.0
7857,,11,3236508.0,Not WFH,easy,full,,1.0
7863,,20,3520978.0,Not WFH,medium,full,,1.0
7872,,34,3881112.0,Not WFH,easy,full,,1.0
7874,,8,4035956.0,Not WFH,easy,full,,1.0
7878,,11,3837977.0,Not WFH,medium,full,,1.0
7886,,24,3285123.0,Not WFH,easy,full,,1.0
7908,,11,5081137.0,Not WFH,easy,not clear,,1.0
7930,,46,2228357.0,Not WFH,easy,full,,1.0
7932,,43,4655347.0,WFH,easy,full,,1.0
7933,,8,3314145.0,Not WFH,easy,part,,1.0
7938,,17,1157960.0,Not WFH,easy,full,,1.0
7949,,8,3202531.0,Not WFH,easy,full,,1.0
7953,,11,3593124.0,Not WFH,easy,full,,1.0
7960,,24,3094503.0,Not WFH,easy,full,,1.0
7964,,26,4238564.0,Not WFH,easy,full,2024-08-14 22:03:47.844777,1.0
7966,,48,5379119.0,WFH,medium,full,,1.0
7991,,34,5597733.0,Not WFH,easy,full,,1.0
7993,,20,4213075.0,WFH,easy,not clear,,1.0
7994,,31,4170093.0,WFH,easy,full,,1.0
7995,,25,5357859.0,WFH,easy,full,,1.0
8026,,34,4356425.0,WFH,easy,full,,1.0
8027,,37,5068846.0,WFH,easy,full,,1.0
8040,,48,5505810.0,WFH,easy,not clear,,1.0
8049,,8,3876430.0,Not WFH,easy,full,,1.0
8052,,25,4084064.0,WFH,medium,full,,1.0
8053,,33,5310177.0,Not WFH,easy,full,,1.0
8061,,33,4054518.0,WFH,easy,full,,1.0
8067,,34,4307554.0,WFH,easy,not clear,,1.0
8070,,8,3969924.0,Not WFH,medium,full,,1.0
8073,,35,997270.0,Not WFH,easy,part,,1.0
8086,,49,5526569.0,WFH,easy,not clear,2024-07-23 00:36:23.222796,1.0
8104,,8,4094539.0,WFH,easy,full,,1.0
8105,,11,523926.0,Not WFH,easy,full,,1.0
8107,,52,4286904.0,Not WFH,easy,not clear,2024-07-25 15:08:09.743889,1.0
8115,,39,2202158.0,Not WFH,easy,full,,1.0
8129,,11,4090877.0,Not WFH,easy,full,,1.0
8130,,8,405788.0,Not WFH,medium,full,,1.0
8141,,11,5267309.0,Not WFH,easy,not clear,,1.0
8155,,27,3962175.0,Not WFH,hard,full,,1.0
8158,,32,5501213.0,WFH,easy,not clear,,1.0
8160,,45,4122976.0,Not WFH,medium,full,,1.0
8183,,8,4067191.0,WFH,easy,not clear,,1.0
8188,,26,5302946.0,WFH,easy,part,2024-08-14 18:19:53.518404,1.0
8193,,8,2058184.0,Not WFH,easy,full,,1.0
8194,,24,5597469.0,WFH,easy,part,,1.0
8201,,9,5453599.0,Not WFH,easy,full,,1.0
8216,,8,482628.0,Not WFH,medium,full,,1.0
8223,,15,5660539.0,WFH,easy,not clear,2024-07-22 17:26:35.802657,1.0
8227,,34,3960301.0,Not WFH,easy,full,,1.0
8248,,11,1052112.0,WFH,easy,full,,1.0
8251,,46,2315915.0,Not WFH,hard,not clear,,1.0
8257,,41,1832076.0,Not WFH,easy,full,,1.0
8266,,52,5594262.0,WFH,easy,full,2024-08-14 18:46:17.856039,1.0
8310,,11,4092406.0,Not WFH,easy,full,,1.0
8312,,8,3230433.0,Not WFH,medium,full,,1.0
8315,,19,4045407.0,WFH,easy,full,,1.0
8350,,34,2330536.0,Not WFH,easy,not clear,,1.0
8355,,8,3037016.0,Not WFH,medium,part,,1.0
8363,,36,401390.0,Not WFH,easy,full,,1.0
8365,,33,5429755.0,WFH,easy,not clear,,1.0
8369,,13,4145315.0,Not WFH,easy,full,,1.0
8370,,11,5600956.0,Not WFH,easy,full,,1.0
8377,,31,4049859.0,Not WFH,easy,not clear,,1.0
8379,,34,5626930.0,WFH,easy,full,,1.0
8384,,13,4470041.0,Not WFH,hard,full,,1.0
8389,,35,4148242.0,Not WFH,easy,full,,1.0
8397,,37,3058212.0,Not WFH,easy,part,,1.0
8398,,33,5208618.0,WFH,easy,not clear,,1.0
8405,,52,4209221.0,WFH,easy,not clear,2024-08-14 21:50:06.874618,1.0
8417,,11,5069656.0,WFH,easy,full,,1.0
8425,,8,3976459.0,Not WFH,easy,full,,1.0
8428,,25,3927927.0,Not WFH,easy,full,,1.0
8435,,8,3914302.0,Not WFH,easy,full,,1.0
8436,,37,3957750.0,Not WFH,easy,part,,1.0
8440,,41,5420835.0,WFH,easy,not clear,,1.0
8452,,2,5387120.0,WFH,easy,not clear,2024-07-17 21:32:06.424101,1.0
8461,,8,3334571.0,Not WFH,easy,full,,1.0
8472,,8,577044.0,Not WFH,easy,part,,1.0
8476,,34,4115250.0,WFH,easy,full,,1.0
8487,,11,2231486.0,Not WFH,hard,full,,1.0
8488,,20,3891406.0,Not WFH,easy,full,,1.0
8495,,33,5636245.0,Not WFH,easy,full,,1.0
8497,,11,3869609.0,Not WFH,easy,full,,1.0
8498,,11,391987.0,Not WFH,easy,part,,1.0
8522,,30,5100557.0,Not WFH,easy,full,,1.0
8532,,39,3403561.0,Not WFH,easy,full,,1.0
8538,,11,3352257.0,Not WFH,easy,full,,1.0
8548,,25,1411272.0,Not WFH,easy,full,,1.0
8549,,8,1326980.0,Not WFH,medium,full,,1.0
8550,,25,3835063.0,Not WFH,easy,full,,1.0
8556,,34,3869380.0,Not WFH,easy,full,,1.0
8558,,3,5669375.0,WFH,easy,not clear,,1.0
8559,,24,5358026.0,Not WFH,easy,full,,1.0
8560,,13,5592057.0,Not WFH,easy,full,,1.0
8573,,35,3845900.0,Not WFH,easy,full,,1.0
8581,,22,4131863.0,Not WFH,easy,full,,1.0
8584,,11,3423947.0,WFH,medium,part,,1.0
8589,,15,4127707.0,Not WFH,easy,full,2024-08-14 21:53:48.907335,1.0
8596,,8,4066825.0,WFH,easy,full,,1.0
8618,,34,5490076.0,WFH,hard,not clear,,1.0
8625,,47,5377025.0,Not WFH,easy,full,,1.0
8632,,11,5485483.0,Not WFH,easy,full,,1.0
8633,,13,4175353.0,WFH,medium,not clear,,1.0
8635,,11,3928381.0,Not WFH,easy,full,,1.0
8642,,11,2736460.0,Not WFH,easy,full,,1.0
8644,,2,5113918.0,WFH,easy,not clear,2024-07-18 02:15:18.200239,1.0
8645,,8,2606788.0,Not WFH,easy,part,,1.0
8649,,11,3277992.0,Not WFH,easy,full,,1.0
8650,,2,5539785.0,Not WFH,easy,full,2024-07-24 17:13:17.463649,1.0
8653,,25,3372504.0,Not WFH,easy,full,,1.0
8660,,8,955085.0,Not WFH,easy,not clear,,1.0
8672,,39,4395178.0,Not WFH,easy,not clear,,1.0
8677,,11,3355717.0,Not WFH,easy,full,,1.0
8701,,11,3917358.0,Not WFH,medium,not clear,,1.0
8703,,34,4506439.0,Not WFH,medium,full,,1.0
8707,,20,4200742.0,Not WFH,medium,full,,1.0
8708,,23,4091867.0,Not WFH,easy,part,,1.0
8710,,8,3962944.0,Not WFH,hard,full,,1.0
8712,,34,4326713.0,Not WFH,easy,full,,1.0
8714,,36,5149897.0,Not WFH,medium,full,,1.0
8715,,38,5348420.0,Not WFH,easy,full,2024-08-14 19:14:23.043143,1.0
8732,,25,4229382.0,Not WFH,easy,full,,1.0
8743,,8,1951270.0,Not WFH,easy,full,,1.0
8749,,34,4033004.0,WFH,easy,full,,1.0
8753,,37,2787920.0,Not WFH,easy,not clear,,1.0
8756,,34,1146109.0,Not WFH,easy,full,,1.0
8760,,11,5396672.0,Not WFH,easy,full,,1.0
8762,,27,4143594.0,WFH,easy,not clear,,1.0
8777,,11,1503496.0,Not WFH,medium,not clear,,1.0
8782,,44,4140470.0,WFH,easy,not clear,,1.0
8790,,47,4034692.0,WFH,easy,part,,1.0
8804,,25,3242504.0,Not WFH,easy,part,,1.0
8809,,3,4642903.0,WFH,easy,not clear,,1.0
8813,,34,3885936.0,Not WFH,easy,full,,1.0
8815,,34,5561542.0,WFH,easy,full,,1.0
8826,,11,2504015.0,Not WFH,easy,part,,1.0
8839,,3,4619930.0,WFH,easy,not clear,,1.0
8845,,3,5017505.0,WFH,easy,not clear,,1.0
8854,,49,4394401.0,Not WFH,hard,full,2024-07-16 14:52:05.993266,1.0
8855,,8,3946337.0,Not WFH,easy,not clear,,1.0
8857,,20,4337897.0,Not WFH,medium,full,,1.0
8861,,34,3873633.0,Not WFH,easy,full,,1.0
8885,,37,5523408.0,Not WFH,easy,full,,1.0
8886,,52,5319440.0,WFH,easy,full,2024-08-01 02:47:21.426785,1.0
8893,,34,4070273.0,WFH,easy,not clear,,1.0
8894,,11,4103941.0,WFH,easy,not clear,,1.0
8897,,34,1729934.0,Not WFH,medium,not clear,,1.0
8920,,8,3034478.0,Not WFH,medium,full,,1.0
8927,,8,3922668.0,Not WFH,easy,full,,1.0
8930,,11,4012667.0,WFH,easy,not clear,,1.0
8936,,34,1988210.0,Not WFH,hard,full,,1.0
8950,,31,4154962.0,WFH,easy,full,,1.0
8960,,34,3215461.0,Not WFH,easy,part,,1.0
8971,,23,2866646.0,Not WFH,medium,full,,1.0
8980,,8,1580024.0,Not WFH,easy,part,,1.0
8981,,2,4124189.0,Not WFH,easy,full,2024-07-22 22:55:55.605739,1.0
8987,,21,5136723.0,WFH,medium,full,,1.0
8993,,9,4112158.0,WFH,easy,full,,1.0
9005,,44,5270751.0,Not WFH,easy,full,,1.0
9009,,28,4035885.0,Not WFH,easy,full,,1.0
9017,,11,4138649.0,WFH,easy,not clear,,1.0
9021,,39,3834686.0,WFH,medium,full,,1.0
9022,,11,4100056.0,WFH,easy,full,,1.0
9026,,11,3260437.0,Not WFH,medium,full,,1.0
9041,,34,4031283.0,WFH,easy,full,,1.0
9046,,34,4189277.0,Not WFH,easy,full,,1.0
9048,,8,3851332.0,Not WFH,easy,full,,1.0
9067,,49,5478897.0,WFH,easy,not clear,2024-08-14 14:41:24.951957,1.0
9069,,48,4114840.0,Not WFH,easy,full,,1.0
9076,,34,4002448.0,Not WFH,easy,full,,1.0
9084,,8,3010030.0,Not WFH,easy,full,,1.0
9092,,11,457993.0,Not WFH,easy,part,,1.0
9094,,14,5553469.0,WFH,medium,not clear,,1.0
9095,,8,3875777.0,Not WFH,medium,full,,1.0
9113,,24,3890648.0,Not WFH,medium,not clear,,1.0
9121,,11,1748221.0,Not WFH,medium,full,,1.0
9135,,8,243487.0,Not WFH,medium,full,,1.0
9151,,8,1251967.0,Not WFH,easy,full,,1.0
9161,,23,344365.0,Not WFH,easy,full,,1.0
9176,,34,3930374.0,Not WFH,easy,full,,1.0
9180,,32,4279002.0,WFH,easy,not clear,,1.0
9184,,29,4181607.0,Not WFH,medium,not clear,,1.0
9192,,34,3860039.0,WFH,medium,not clear,,1.0
9200,,39,3975184.0,Not WFH,easy,full,,1.0
9202,,34,3842107.0,Not WFH,medium,full,,1.0
9208,,35,1905884.0,Not WFH,easy,part,,1.0
9209,,38,4141771.0,WFH,easy,not clear,2024-07-15 23:33:05.894167,1.0
9217,,2,5543464.0,Not WFH,medium,not clear,2024-07-19 04:22:19.636306,1.0
9219,,34,636249.0,Not WFH,easy,full,,1.0
9221,,34,5273789.0,WFH,easy,full,,1.0
9239,,15,4195353.0,Not WFH,easy,full,2024-07-18 03:40:40.471719,1.0
9240,,22,541338.0,Not WFH,easy,full,,1.0
9262,,34,4147231.0,Not WFH,easy,part,,1.0
9271,,8,3803207.0,Not WFH,medium,full,,1.0
9279,,48,4115492.0,Not WFH,easy,full,,1.0
9284,,35,3143326.0,Not WFH,easy,not clear,,1.0
9298,,32,3934609.0,Not WFH,easy,full,,1.0
9303,,24,5478071.0,Not WFH,easy,full,,1.0
9316,,48,4121065.0,Not WFH,easy,full,,1.0
9345,,34,3959890.0,Not WFH,easy,full,,1.0
9353,,43,5495968.0,Not WFH,medium,full,,1.0
9358,,48,5653177.0,Not WFH,easy,full,,1.0
9365,,36,4141501.0,WFH,easy,full,,1.0
9375,,23,5172661.0,WFH,easy,not clear,,1.0
9376,,26,5062291.0,Not WFH,medium,not clear,2024-07-16 18:27:01.66061,1.0
9389,,26,5169682.0,Not WFH,easy,full,2024-07-17 01:33:20.25441,1.0
9394,,47,5145901.0,WFH,easy,not clear,,1.0
9398,,17,4549821.0,Not WFH,easy,full,,1.0
9401,,8,4063542.0,WFH,easy,full,,1.0
9413,,7,235840.0,Not WFH,easy,full,,1.0
9423,,17,3936516.0,Not WFH,easy,full,,1.0
9426,,34,1562510.0,Not WFH,hard,full,,1.0
9433,,19,3432010.0,Not WFH,easy,full,,1.0
9438,,48,5444700.0,WFH,easy,not clear,,1.0
9444,,8,3668216.0,Not WFH,easy,full,,1.0
9446,,11,4564873.0,Not WFH,medium,full,,1.0
9448,,34,5569243.0,WFH,medium,part,,1.0
9452,,11,2371034.0,Not WFH,easy,full,,1.0
9458,,41,5442077.0,WFH,easy,not clear,,1.0
9462,,8,4085837.0,WFH,easy,full,,1.0
9463,,29,3925956.0,Not WFH,easy,not clear,,1.0
9466,,28,3896990.0,Not WFH,easy,full,,1.0
9468,,2,5594445.0,WFH,easy,full,2024-07-24 05:14:34.311435,1.0
9473,,32,3917339.0,Not WFH,easy,not clear,,1.0
9481,,34,3243978.0,Not WFH,easy,full,,1.0
9483,,15,4528842.0,WFH,easy,not clear,2024-07-18 03:06:08.758572,1.0
9488,,21,5324486.0,Not WFH,easy,full,,1.0
9494,,24,3384685.0,Not WFH,medium,not clear,,1.0
9495,,52,5416375.0,Not WFH,easy,full,2024-07-31 18:44:16.589223,1.0
9497,,30,844082.0,Not WFH,easy,not clear,,1.0
9498,,48,4131623.0,Not WFH,easy,full,,1.0
9505,,48,5402921.0,Not WFH,easy,full,,1.0
9506,,31,2209754.0,Not WFH,easy,full,,1.0
9514,,8,3612085.0,Not WFH,easy,full,,1.0
9515,,8,1363269.0,Not WFH,easy,full,,1.0
9526,,11,3408781.0,Not WFH,medium,full,,1.0
9536,,8,3973417.0,Not WFH,easy,full,,1.0
9561,,21,356762.0,Not WFH,easy,part,,1.0
9565,,11,5651885.0,WFH,easy,not clear,,1.0
9581,,38,4154106.0,Not WFH,easy,full,2024-07-24 04:50:52.284988,1.0
9594,,43,3970039.0,Not WFH,easy,full,,1.0
9596,,11,5190258.0,Not WFH,easy,part,,1.0
9613,,28,4130530.0,WFH,easy,full,,1.0
9616,,11,4149839.0,WFH,easy,not clear,,1.0
9618,,26,5378811.0,WFH,easy,not clear,2024-07-20 21:23:44.91268,1.0
9620,,46,4659505.0,WFH,easy,full,,1.0
9641,,9,778745.0,WFH,medium,part,,1.0
9645,,39,4517327.0,WFH,easy,not clear,,1.0
9649,,41,4093338.0,Not WFH,easy,full,,1.0
9650,,26,4128339.0,Not WFH,medium,not clear,2024-07-22 03:05:31.04479,1.0
9651,,9,3966245.0,Not WFH,easy,full,,1.0
9654,,34,4255543.0,WFH,easy,not clear,,1.0
9656,,11,3839008.0,Not WFH,medium,full,,1.0
9666,,31,4036986.0,Not WFH,easy,part,,1.0
9683,,8,3904863.0,Not WFH,medium,full,,1.0
9685,,37,528344.0,Not WFH,easy,not clear,,1.0
9701,,35,5516718.0,Not WFH,easy,full,,1.0
9717,,27,4164998.0,Not WFH,easy,full,,1.0
9720,,17,670771.0,Not WFH,medium,part,,1.0
9741,,14,5411506.0,WFH,easy,not clear,,1.0
9752,,50,5467316.0,WFH,easy,not clear,,1.0
9760,,37,4158229.0,WFH,easy,part,,1.0
9765,,34,5512174.0,WFH,easy,not clear,,1.0
9766,,8,2038672.0,Not WFH,medium,full,,1.0
9772,,8,4031869.0,WFH,easy,full,,1.0
9776,,26,4142668.0,WFH,easy,full,2024-07-25 05:39:39.249357,1.0
9788,,47,861418.0,Not WFH,easy,full,,1.0
9804,,11,3876480.0,Not WFH,easy,full,,1.0
9812,,28,3674256.0,Not WFH,easy,part,,1.0
9822,,49,4588333.0,WFH,easy,not clear,2024-07-20 21:34:47.854675,1.0
9832,,30,3817460.0,Not WFH,easy,full,,1.0
9839,,8,3278726.0,Not WFH,easy,part,,1.0
9842,,34,3870268.0,Not WFH,easy,full,,1.0
9849,,11,5624129.0,Not WFH,hard,full,,1.0
9871,,39,3986733.0,Not WFH,easy,full,,1.0
9877,,11,699874.0,Not WFH,easy,full,,1.0
9881,,52,4518318.0,WFH,easy,full,2024-08-14 15:43:15.091393,1.0
9884,,28,5296726.0,WFH,medium,full,,1.0
9901,,11,5640670.0,Not WFH,easy,not clear,,1.0
9903,,34,4117939.0,WFH,easy,full,,1.0
9912,,11,5657326.0,WFH,easy,full,,1.0
9913,,11,4076185.0,WFH,easy,full,,1.0
9933,,34,377206.0,Not WFH,easy,full,,1.0
9940,,8,4061619.0,WFH,easy,full,,1.0
9944,,46,740288.0,Not WFH,easy,part,,1.0
9948,,34,3876379.0,Not WFH,easy,full,,1.0
9962,,35,3272751.0,Not WFH,medium,full,,1.0
9968,,22,3637327.0,Not WFH,easy,not clear,,1.0
9973,,48,5633728.0,WFH,easy,not clear,,1.0
9982,,15,5510267.0,WFH,easy,not clear,2024-07-25 03:58:24.709946,1.0
9985,,17,4018774.0,Not WFH,medium,full,,1.0
9998,,2,4132023.0,WFH,easy,part,2024-07-22 20:32:53.348612,1.0
9999,,50,1329432.0,Not WFH,easy,part,,1.0
10005,,8,431676.0,Not WFH,easy,full,,1.0
10021,,24,5523817.0,Not WFH,easy,full,,1.0
10025,,34,3968936.0,Not WFH,medium,full,,1.0
10027,,34,340076.0,Not WFH,easy,full,,1.0
10035,,11,924478.0,Not WFH,easy,full,,1.0
10043,,8,3810131.0,Not WFH,easy,full,,1.0
10052,,11,4238290.0,WFH,easy,full,,1.0
10063,,8,4091739.0,Not WFH,medium,full,,1.0
10069,,8,3986659.0,Not WFH,easy,full,,1.0
10070,,11,3941835.0,Not WFH,easy,full,,1.0
10080,,2,5481676.0,WFH,easy,full,2024-07-24 04:22:56.70455,1.0
10081,,34,5075317.0,WFH,medium,not clear,,1.0
10090,,8,910196.0,Not WFH,easy,full,,1.0
10094,,33,5469736.0,WFH,easy,full,,1.0
10107,,45,3880177.0,Not WFH,easy,not clear,,1.0
10119,,8,3941774.0,Not WFH,easy,full,,1.0
10140,,19,3894774.0,Not WFH,easy,full,,1.0
10150,,43,3908517.0,Not WFH,easy,full,,1.0
10161,,11,4128425.0,WFH,hard,full,,1.0
10175,,25,1457255.0,Not WFH,easy,full,,1.0
10185,,52,5386087.0,WFH,easy,not clear,2024-08-14 22:14:25.810076,1.0
10187,,33,5324981.0,Not WFH,easy,full,,1.0
10190,,8,3091849.0,Not WFH,easy,full,,1.0
10192,,20,3923582.0,Not WFH,easy,part,,1.0
10194,,8,2299999.0,Not WFH,easy,full,,1.0
10195,,34,3941300.0,Not WFH,easy,full,,1.0
10197,,34,5638141.0,WFH,easy,full,,1.0
10199,,8,611002.0,Not WFH,medium,full,,1.0
10210,,47,4303893.0,WFH,easy,not clear,,1.0
10228,,34,4109130.0,WFH,easy,full,,1.0
10230,,15,5096773.0,Not WFH,easy,full,2024-07-25 15:14:18.133102,1.0
10233,,52,4130428.0,Not WFH,easy,full,2024-07-18 23:25:09.864856,1.0
10234,,34,3899573.0,Not WFH,easy,part,,1.0
10248,,36,1140162.0,Not WFH,easy,part,,1.0
10254,,49,5140823.0,Not WFH,easy,full,2024-07-24 06:12:27.236585,1.0
10256,,11,4182902.0,WFH,easy,full,,1.0
10289,,8,1277467.0,Not WFH,easy,full,,1.0
10298,,25,5259538.0,WFH,easy,not clear,,1.0
10307,,24,3615292.0,Not WFH,easy,not clear,,1.0
10321,,25,4357134.0,WFH,medium,not clear,,1.0
10326,,21,5639932.0,WFH,easy,full,,1.0
10329,,21,4063006.0,WFH,easy,full,,1.0
10347,,22,2640358.0,Not WFH,easy,not clear,,1.0
10371,,11,4098536.0,WFH,easy,full,,1.0
10388,,36,3956260.0,Not WFH,easy,full,,1.0
10389,,29,3855948.0,Not WFH,easy,full,,1.0
10394,,26,5459126.0,Not WFH,easy,full,2024-08-07 18:25:35.983509,1.0
10401,,38,4112093.0,Not WFH,medium,full,2024-07-17 21:45:06.923668,1.0
10410,,7,222267.0,Not WFH,easy,full,,1.0
10414,,52,4114375.0,Not WFH,easy,full,2024-07-25 05:55:56.592683,1.0
10415,,28,2817862.0,Not WFH,easy,full,,1.0
10418,,11,5630666.0,WFH,easy,full,,1.0
10423,,8,2232099.0,WFH,easy,full,,1.0
10428,,11,5180284.0,Not WFH,easy,not clear,,1.0
10433,,19,1122743.0,Not WFH,easy,part,,1.0
10447,,11,3926981.0,Not WFH,easy,full,,1.0
10454,,11,4072452.0,WFH,easy,not clear,,1.0
10458,,47,3590108.0,Not WFH,medium,full,,1.0
10465,,8,3338385.0,Not WFH,medium,full,,1.0
10468,,28,3054421.0,Not WFH,medium,full,,1.0
10474,,34,3296124.0,WFH,easy,not clear,,1.0
10495,,34,762198.0,Not WFH,medium,full,,1.0
10502,,13,346387.0,Not WFH,medium,full,,1.0
10506,,9,4147808.0,Not WFH,easy,full,,1.0
10515,,34,5363784.0,Not WFH,easy,not clear,,1.0
10530,,8,3875161.0,Not WFH,easy,full,,1.0
10534,,3,4152023.0,Not WFH,easy,full,,1.0
10537,,34,4384052.0,WFH,easy,full,,1.0
10539,,34,4046121.0,WFH,medium,not clear,,1.0
10540,,34,4087866.0,WFH,easy,full,,1.0
10552,,8,1765399.0,WFH,easy,full,,1.0
10562,,34,381413.0,Not WFH,easy,full,,1.0
10575,,8,4028531.0,WFH,easy,part,,1.0
10585,,9,5502731.0,WFH,easy,full,,1.0
10596,,34,5133052.0,WFH,easy,full,,1.0
10602,,17,3520063.0,Not WFH,easy,full,,1.0
10608,,8,4049955.0,Not WFH,easy,full,,1.0
10621,,8,3924541.0,Not WFH,easy,full,,1.0
10628,,35,5434817.0,Not WFH,easy,full,,1.0
10634,,9,4120507.0,WFH,easy,not clear,,1.0
10645,,24,696643.0,Not WFH,easy,full,,1.0
10649,,8,477741.0,Not WFH,medium,full,,1.0
10651,,8,1118287.0,WFH,easy,full,,1.0
10659,,30,3901326.0,Not WFH,easy,full,,1.0
10667,,8,3919300.0,Not WFH,easy,full,,1.0
10673,,14,2547042.0,WFH,hard,full,,1.0
10676,,21,5627052.0,WFH,easy,full,,1.0
10693,,19,4015067.0,Not WFH,medium,full,,1.0
10723,,50,4067019.0,Not WFH,easy,full,,1.0
10738,,49,5296154.0,WFH,medium,not clear,2024-08-14 14:13:46.93589,1.0
10762,,41,2597085.0,Not WFH,medium,full,,1.0
10766,,28,2858299.0,Not WFH,easy,full,,1.0
10768,,49,4165230.0,Not WFH,easy,full,2024-07-25 05:22:39.987096,1.0
10780,,8,306574.0,Not WFH,easy,full,,1.0
10788,,13,2748224.0,Not WFH,easy,full,,1.0
10791,,50,5298346.0,WFH,easy,full,,1.0
10799,,11,5362348.0,Not WFH,easy,full,,1.0
10800,,15,5522916.0,WFH,medium,not clear,2024-07-17 22:05:47.081111,1.0
10808,,11,3909986.0,Not WFH,easy,full,,1.0
10811,,14,5084752.0,WFH,easy,full,,1.0
10836,,34,1309829.0,Not WFH,easy,full,,1.0
10841,,2,4152385.0,Not WFH,easy,full,2024-07-23 06:15:50.749005,1.0
10842,,11,1010221.0,Not WFH,easy,full,,1.0
10860,,11,2147656.0,Not WFH,easy,full,,1.0
10867,,11,5111330.0,WFH,easy,not clear,,1.0
10871,,28,5189084.0,WFH,easy,not clear,,1.0
10878,,34,604745.0,Not WFH,easy,full,,1.0
10882,,34,405117.0,WFH,easy,not clear,,1.0
10883,,22,3607895.0,Not WFH,easy,full,,1.0
10885,,22,3479664.0,Not WFH,hard,part,,1.0
10888,,50,4636450.0,Not WFH,medium,full,,1.0
10890,,47,3987290.0,Not WFH,easy,part,,1.0
10897,,11,2703737.0,Not WFH,easy,full,,1.0
10904,,47,4171429.0,Not WFH,easy,full,,1.0
10915,,34,1365626.0,Not WFH,easy,full,,1.0
10931,,2,4659912.0,Not WFH,easy,full,2024-07-23 05:13:24.994831,1.0
10940,,39,2252982.0,Not WFH,easy,full,,1.0
10949,,33,5203445.0,Not WFH,medium,not clear,,1.0
10956,,31,5529014.0,Not WFH,medium,full,,1.0
10958,,49,4139477.0,Not WFH,easy,full,2024-07-18 03:36:48.796448,1.0
10970,,41,3282712.0,Not WFH,easy,full,,1.0
10974,,21,2263817.0,Not WFH,medium,full,,1.0
10983,,11,1348986.0,Not WFH,easy,full,,1.0
10991,,50,5167070.0,WFH,easy,full,,1.0
11013,,11,5343586.0,Not WFH,easy,full,,1.0
11015,,8,2297263.0,Not WFH,easy,full,,1.0
11016,,8,3972445.0,Not WFH,easy,full,,1.0
11038,,34,2817472.0,Not WFH,easy,full,,1.0
11060,,11,4095491.0,Not WFH,easy,full,,1.0
11071,,30,5465246.0,Not WFH,easy,full,,1.0
11089,,34,1775766.0,Not WFH,easy,part,,1.0
11091,,11,4117607.0,Not WFH,easy,full,,1.0
11095,,11,5145872.0,Not WFH,hard,full,,1.0
11108,,41,4064044.0,WFH,easy,part,,1.0
11121,,8,3922721.0,Not WFH,easy,full,,1.0
11160,,8,1701427.0,Not WFH,easy,full,,1.0
11163,,39,3786292.0,Not WFH,easy,full,,1.0
11164,,43,4216283.0,WFH,easy,full,,1.0
11166,,8,454610.0,Not WFH,easy,full,,1.0
11174,,52,4130240.0,WFH,easy,full,2024-07-17 20:16:36.015412,1.0
11189,,34,4442130.0,Not WFH,easy,full,,1.0
11191,,37,4061940.0,WFH,easy,full,,1.0
11193,,20,5431037.0,Not WFH,easy,part,,1.0
11206,,39,4126403.0,Not WFH,easy,full,,1.0
11207,,37,3973501.0,Not WFH,easy,full,,1.0
11215,,20,4303391.0,WFH,easy,full,,1.0
11241,,44,314354.0,Not WFH,easy,full,,1.0
11244,,22,2653920.0,Not WFH,easy,full,,1.0
11252,,49,4136148.0,Not WFH,easy,full,2024-07-25 14:34:32.617271,1.0
11253,,11,5551714.0,Not WFH,medium,not clear,,1.0
11255,,8,2313797.0,WFH,easy,part,,1.0
11279,,20,4042572.0,Not WFH,easy,part,,1.0
11285,,49,5095372.0,Not WFH,easy,full,2024-08-14 15:57:54.220723,1.0
11290,,50,5570117.0,WFH,easy,not clear,,1.0
11315,,8,2775405.0,WFH,easy,full,,1.0
11316,,15,4139762.0,WFH,easy,full,2024-07-23 06:23:39.67498,1.0
11322,,34,2517357.0,Not WFH,easy,full,,1.0
11349,,11,5613618.0,Not WFH,easy,part,,1.0
11351,,8,2970644.0,WFH,easy,not clear,,1.0
11356,,23,3965716.0,Not WFH,easy,full,,1.0
11360,,44,1856694.0,Not WFH,hard,not clear,,1.0
11373,,3,5663701.0,WFH,easy,not clear,,1.0
11387,,34,1928529.0,Not WFH,easy,full,,1.0
11416,,34,5529669.0,WFH,easy,full,,1.0
11418,,8,545998.0,Not WFH,easy,part,,1.0
11420,,34,1155587.0,WFH,easy,part,,1.0
11443,,34,4123089.0,Not WFH,easy,full,,1.0
11450,,34,5138546.0,Not WFH,easy,full,,1.0
11454,,8,4086132.0,WFH,easy,part,,1.0
11468,,23,3730162.0,WFH,easy,not clear,,1.0
11477,,8,3602132.0,Not WFH,medium,full,,1.0
11480,,34,5348292.0,WFH,easy,not clear,,1.0
11483,,8,3359450.0,Not WFH,medium,part,,1.0
11494,,11,5152379.0,Not WFH,medium,full,,1.0
11495,,14,5304442.0,WFH,easy,not clear,,1.0
11499,,30,3797044.0,Not WFH,medium,full,,1.0
11506,,34,3946632.0,Not WFH,easy,full,,1.0
11509,,34,2365439.0,Not WFH,easy,part,,1.0
11514,,11,4482923.0,WFH,easy,full,,1.0
11518,,26,5577345.0,WFH,easy,full,2024-07-16 15:28:40.300624,1.0
11538,,44,3625818.0,Not WFH,medium,full,,1.0
11543,,39,5301723.0,WFH,easy,not clear,,1.0
11553,,11,5365500.0,WFH,easy,full,,1.0
11562,,29,5577731.0,Not WFH,easy,full,,1.0
11563,,34,1354154.0,Not WFH,easy,part,,1.0
11566,,11,3528033.0,Not WFH,easy,full,,1.0
11572,,3,4231310.0,WFH,easy,not clear,,1.0
11573,,20,4298512.0,WFH,medium,not clear,,1.0
11577,,8,3952526.0,Not WFH,easy,full,,1.0
11579,,48,5646725.0,WFH,easy,full,,1.0
11581,,47,890746.0,Not WFH,easy,full,,1.0
11588,,47,2097717.0,Not WFH,hard,not clear,,1.0
11591,,19,4485503.0,WFH,easy,full,,1.0
11599,,8,3923217.0,Not WFH,easy,full,,1.0
11600,,29,499399.0,Not WFH,easy,part,,1.0
11624,,30,3839356.0,WFH,medium,full,,1.0
11625,,11,4087656.0,WFH,medium,full,,1.0
11626,,27,5149509.0,WFH,easy,full,,1.0
11627,,20,587737.0,Not WFH,easy,not clear,,1.0
11643,,34,4089599.0,WFH,easy,full,,1.0
11646,,14,411241.0,Not WFH,easy,full,,1.0
11649,,11,3923542.0,Not WFH,easy,full,,1.0
11650,,8,3890032.0,Not WFH,easy,full,,1.0
11657,,11,5218725.0,WFH,easy,not clear,,1.0
11658,,8,1855101.0,Not WFH,medium,full,,1.0
11665,,25,4246575.0,Not WFH,easy,full,,1.0
11686,,50,1524704.0,WFH,easy,full,,1.0
11695,,34,438805.0,Not WFH,easy,part,,1.0
11696,,25,4064037.0,WFH,easy,part,,1.0
11705,,28,5068592.0,WFH,medium,not clear,,1.0
11710,,31,2397579.0,Not WFH,easy,full,,1.0
11725,,50,3891502.0,Not WFH,easy,full,,1.0
11727,,47,325838.0,Not WFH,medium,full,,1.0
11748,,34,4087775.0,WFH,easy,not clear,,1.0
11754,,48,4619348.0,WFH,easy,not clear,,1.0
11757,,24,4108280.0,WFH,easy,not clear,,1.0
11768,,50,5009392.0,Not WFH,hard,full,,1.0
11780,,7,211949.0,Not WFH,easy,not clear,,1.0
11787,,45,1144199.0,Not WFH,easy,full,,1.0
11792,,34,2102056.0,Not WFH,easy,full,,1.0
11800,,52,5353123.0,Not WFH,easy,not clear,2024-07-23 00:26:33.908047,1.0
11807,,32,2427648.0,WFH,medium,not clear,,1.0
11808,,8,3947484.0,Not WFH,easy,full,,1.0
11823,,11,2947602.0,WFH,easy,full,,1.0
11832,,2,4200402.0,Not WFH,easy,full,2024-08-14 21:47:25.757908,1.0
11834,,22,4134586.0,Not WFH,hard,part,,1.0
11837,,8,3480036.0,Not WFH,easy,full,,1.0
11839,,11,5017523.0,Not WFH,medium,not clear,,1.0
11864,,34,3403422.0,Not WFH,easy,full,,1.0
11871,,34,2457748.0,Not WFH,hard,full,,1.0
11873,,48,5020170.0,Not WFH,medium,full,,1.0
11886,,11,813924.0,Not WFH,easy,full,,1.0
11890,,32,4129894.0,WFH,easy,not clear,,1.0
11891,,25,268574.0,Not WFH,hard,full,,1.0
11892,,34,3904464.0,Not WFH,easy,full,,1.0
11899,,34,4074737.0,WFH,easy,full,,1.0
11900,,9,4052797.0,WFH,easy,not clear,,1.0
11901,,34,4061144.0,WFH,easy,full,,1.0
11903,,30,3978187.0,Not WFH,easy,part,,1.0
11912,,27,4095898.0,Not WFH,hard,full,,1.0
11915,,31,3024011.0,Not WFH,easy,part,,1.0
11916,,17,4093865.0,Not WFH,easy,full,,1.0
11924,,8,4082575.0,Not WFH,easy,part,,1.0
11928,,11,985697.0,Not WFH,easy,part,,1.0
11931,,11,3846618.0,Not WFH,easy,part,,1.0
11934,,13,4106053.0,Not WFH,easy,full,,1.0
11941,,44,1221711.0,Not WFH,easy,full,,1.0
11943,,34,3906485.0,Not WFH,medium,full,,1.0
11949,,46,4090359.0,WFH,easy,full,,1.0
11950,,50,3784197.0,Not WFH,easy,part,,1.0
11952,,25,850175.0,Not WFH,easy,part,,1.0
11972,,27,501712.0,Not WFH,medium,full,,1.0
11982,,41,301629.0,Not WFH,easy,full,,1.0
11983,,34,5202285.0,WFH,medium,part,,1.0
11992,,11,2408186.0,Not WFH,medium,full,,1.0
11994,,37,3982815.0,Not WFH,easy,full,,1.0
11998,,13,4276011.0,WFH,easy,full,,1.0
12004,,8,3064619.0,Not WFH,easy,full,,1.0
12015,,11,3972388.0,Not WFH,medium,full,,1.0
12023,,11,2931819.0,Not WFH,easy,full,,1.0
12041,,34,3859068.0,Not WFH,easy,full,,1.0
12044,,34,3758866.0,Not WFH,medium,part,,1.0
12050,,13,5066799.0,Not WFH,medium,full,,1.0
12055,,48,5546001.0,Not WFH,easy,full,,1.0
12061,,52,4377001.0,WFH,easy,full,2024-07-24 04:53:34.508968,1.0
12068,,8,3948304.0,Not WFH,medium,full,,1.0
12072,,49,5088323.0,Not WFH,hard,full,2024-07-17 03:17:23.061064,1.0
12075,,23,5574896.0,Not WFH,easy,full,,1.0
12076,,8,3919132.0,Not WFH,easy,full,,1.0
12080,,21,3568806.0,Not WFH,easy,full,,1.0
12086,,32,4143583.0,WFH,easy,not clear,,1.0
12099,,45,1759215.0,Not WFH,hard,full,,1.0
12104,,8,3516899.0,WFH,easy,not clear,,1.0
12112,,52,5081082.0,WFH,easy,not clear,2024-07-15 23:13:49.860672,1.0
12158,,34,276357.0,Not WFH,easy,full,,1.0
12160,,36,366228.0,Not WFH,easy,full,,1.0
12181,,34,3569496.0,Not WFH,easy,part,,1.0
12189,,34,4452167.0,Not WFH,easy,full,,1.0
12190,,8,4078267.0,Not WFH,easy,full,,1.0
12205,,11,3185366.0,WFH,easy,full,,1.0
12208,,34,4132047.0,Not WFH,easy,not clear,,1.0
12210,,41,4357824.0,WFH,easy,full,,1.0
12219,,8,1076707.0,Not WFH,easy,full,,1.0
12223,,2,4124807.0,Not WFH,easy,full,2024-07-15 23:31:11.894228,1.0
12234,,24,3924262.0,Not WFH,easy,full,,1.0
12239,,37,3664084.0,WFH,easy,full,,1.0
12250,,34,5120218.0,WFH,easy,not clear,,1.0
12257,,11,1372007.0,WFH,easy,part,,1.0
12262,,41,3853211.0,Not WFH,easy,part,,1.0
12268,,50,4043079.0,WFH,easy,not clear,,1.0
12274,,35,3089218.0,Not WFH,easy,full,,1.0
12276,,11,5596367.0,WFH,hard,full,,1.0
12278,,30,5567045.0,Not WFH,easy,full,,1.0
12293,,9,3937410.0,Not WFH,easy,full,,1.0
12298,,39,3944481.0,Not WFH,medium,full,,1.0
12300,,13,4406798.0,WFH,easy,full,,1.0
12305,,36,4471855.0,WFH,easy,not clear,,1.0
12320,,47,2984744.0,Not WFH,easy,full,,1.0
12322,,47,3825591.0,Not WFH,easy,part,,1.0
12333,,34,3098220.0,Not WFH,easy,part,,1.0
12347,,48,4366300.0,WFH,medium,not clear,,1.0
12354,,39,3893806.0,Not WFH,easy,full,,1.0
12364,,27,4063311.0,Not WFH,medium,full,,1.0
12365,,29,1269781.0,Not WFH,medium,part,,1.0
12371,,34,5568793.0,WFH,easy,not clear,,1.0
12372,,17,4195705.0,Not WFH,easy,full,,1.0
12374,,11,5329041.0,Not WFH,easy,not clear,,1.0
12379,,35,5045327.0,WFH,easy,full,,1.0
12388,,34,4547128.0,WFH,easy,full,,1.0
12392,,11,4384781.0,Not WFH,easy,full,,1.0
12402,,7,234759.0,WFH,hard,part,,1.0
12422,,27,3914842.0,Not WFH,easy,full,,1.0
12423,,34,1605295.0,WFH,easy,part,,1.0
12430,,34,1900662.0,Not WFH,medium,full,,1.0
12442,,34,4104519.0,WFH,medium,full,,1.0
12459,,33,1626970.0,WFH,hard,full,,1.0
12466,,11,4193334.0,WFH,easy,full,,1.0
12476,,38,5111457.0,Not WFH,easy,full,2024-08-14 18:58:12.155722,1.0
12481,,48,4540101.0,WFH,medium,not clear,,1.0
12488,,8,362504.0,Not WFH,medium,full,,1.0
12501,,47,4051014.0,Not WFH,medium,full,,1.0
12517,,24,5594565.0,WFH,easy,full,,1.0
12519,,25,5629320.0,WFH,easy,full,,1.0
12521,,34,5536359.0,WFH,easy,full,,1.0
12523,,8,4102551.0,WFH,easy,not clear,,1.0
12529,,11,4125175.0,Not WFH,easy,full,,1.0
12548,,26,5103178.0,Not WFH,easy,full,2024-07-15 16:13:02.20515,1.0
12564,,11,2840020.0,Not WFH,medium,full,,1.0
12572,,11,4376348.0,WFH,medium,full,,1.0
12575,,11,568275.0,WFH,easy,part,,1.0
12591,,30,3921867.0,Not WFH,easy,full,,1.0
12594,,50,5486507.0,WFH,easy,not clear,,1.0
12624,,34,4241199.0,Not WFH,medium,full,,1.0
12626,,49,5123378.0,WFH,easy,not clear,2024-07-20 21:37:47.353946,1.0
12636,,34,5178278.0,Not WFH,easy,full,,1.0
12639,,27,2041681.0,Not WFH,easy,full,,1.0
12657,,27,582074.0,Not WFH,easy,full,,1.0
12675,,9,2571039.0,Not WFH,easy,part,,1.0
12685,,11,518840.0,Not WFH,easy,part,,1.0
12688,,2,5491954.0,WFH,easy,full,2024-08-01 02:21:12.197895,1.0
12692,,8,3901579.0,Not WFH,medium,part,,1.0
12694,,17,5330137.0,WFH,easy,not clear,,1.0
12698,,43,3462798.0,Not WFH,medium,full,,1.0
12714,,48,5636260.0,Not WFH,easy,full,,1.0
12715,,34,4136021.0,WFH,easy,not clear,,1.0
12720,,8,3409071.0,WFH,easy,full,,1.0
12722,,46,4109452.0,WFH,medium,full,,1.0
12756,,49,5027396.0,WFH,easy,not clear,2024-07-19 04:42:15.062074,1.0
12758,,8,3935028.0,Not WFH,easy,full,,1.0
12765,,34,3910201.0,Not WFH,easy,full,,1.0
12774,,8,3979966.0,Not WFH,easy,full,,1.0
12775,,31,5271701.0,WFH,easy,not clear,,1.0
12776,,8,3969337.0,Not WFH,hard,full,,1.0
12782,,13,4064905.0,Not WFH,hard,not clear,,1.0
12804,,46,4471059.0,Not WFH,easy,full,,1.0
12805,,41,399004.0,Not WFH,easy,full,,1.0
12809,,20,1788404.0,Not WFH,easy,full,,1.0
12818,,23,5519727.0,Not WFH,easy,full,,1.0
12822,,34,3302113.0,Not WFH,easy,full,,1.0
12832,,35,3933829.0,Not WFH,easy,full,,1.0
12841,,19,4084406.0,WFH,easy,full,,1.0
12844,,22,935142.0,Not WFH,easy,part,,1.0
12862,,44,2566116.0,Not WFH,easy,part,,1.0
12868,,33,5406944.0,WFH,easy,full,,1.0
12876,,32,5064361.0,WFH,easy,not clear,,1.0
12880,,11,5547116.0,WFH,easy,not clear,,1.0
12885,,11,5557597.0,WFH,easy,part,,1.0
12889,,38,5500991.0,WFH,easy,full,2024-07-16 18:36:11.233832,1.0
12892,,29,5234483.0,Not WFH,medium,part,,1.0
12898,,49,4268661.0,Not WFH,medium,not clear,2024-07-25 05:23:21.025637,1.0
12899,,21,5640982.0,Not WFH,easy,full,,1.0
12906,,34,3888698.0,Not WFH,medium,full,,1.0
12910,,8,3901265.0,Not WFH,hard,full,,1.0
12916,,31,2560589.0,Not WFH,easy,full,,1.0
12920,,14,970381.0,Not WFH,easy,full,,1.0
12925,,24,2632269.0,Not WFH,easy,full,,1.0
12932,,8,767362.0,Not WFH,medium,part,,1.0
12933,,11,3622210.0,Not WFH,easy,full,,1.0
12935,,8,394570.0,WFH,easy,part,,1.0
12948,,34,5167508.0,Not WFH,easy,full,,1.0
12949,,2,4241478.0,Not WFH,easy,full,2024-07-22 20:27:46.471406,1.0
12950,,11,4425436.0,WFH,easy,not clear,,1.0
12963,,25,3864395.0,Not WFH,easy,part,,1.0
12971,,11,3237038.0,Not WFH,easy,not clear,,1.0
12980,,26,4218332.0,Not WFH,medium,full,2024-07-16 15:29:54.276713,1.0
13005,,30,5304043.0,Not WFH,easy,full,,1.0
13015,,11,555296.0,WFH,easy,part,,1.0
13025,,14,3992996.0,Not WFH,easy,full,,1.0
13026,,11,2193137.0,Not WFH,easy,full,,1.0
13035,,15,4143888.0,Not WFH,easy,part,2024-07-18 02:17:33.421391,1.0
13050,,8,3561096.0,Not WFH,easy,full,,1.0
13052,,35,3380188.0,Not WFH,easy,full,,1.0
13059,,8,3275129.0,Not WFH,easy,full,,1.0
13064,,34,4087690.0,WFH,easy,not clear,,1.0
13072,,11,367763.0,Not WFH,easy,part,,1.0
13073,,34,3503145.0,Not WFH,easy,full,,1.0
13090,,11,680004.0,Not WFH,easy,full,,1.0
13091,,8,4065495.0,WFH,easy,not clear,,1.0
13092,,34,506251.0,Not WFH,easy,full,,1.0
13093,,15,5021775.0,WFH,medium,full,2024-07-18 23:24:10.968348,1.0
13096,,8,4100349.0,WFH,easy,full,,1.0
13098,,34,4210767.0,WFH,easy,full,,1.0
